TXG,"10x Genomics, Inc.",153.11,16475679750.87,n/a,2019,Capital Goods,Biotechnology: Laboratory Analytical Instruments
AAON,"AAON, Inc.",65.13,3402527647.35,n/a,n/a,Capital Goods,Industrial Machinery/Components
AIR,AAR Corp.,28.37,1001484291.77,n/a,n/a,Capital Goods,Aerospace
AXDX,"Accelerate Diagnostics, Inc.",7.83,446542504.02,n/a,n/a,Capital Goods,Biotechnology: Laboratory Analytical Instruments
ACU,Acme United Corporation.,33.12,110584798.56,n/a,1988,Capital Goods,Industrial Machinery/Components
ADNT,Adient plc,31.29,2937642281.49,n/a,2016,Capital Goods,Auto Parts:O.E.M.
WMS,"Advanced Drainage Systems, Inc.",69.75,4915754986.5,n/a,2014,Capital Goods,Containers/Packaging
AEIS,"Advanced Energy Industries, Inc.",96.46,3691786088.9,n/a,1995,Capital Goods,Industrial Machinery/Components
AEHR,Aehr Test Systems,1.65,38462014.8,n/a,1997,Capital Goods,Electrical Products
AJRD,"Aerojet Rocketdyne Holdings, Inc. ",37.43,2859652000,n/a,n/a,Capital Goods,Military/Government/Technical
AVAV,"AeroVironment, Inc.",85.39,2058288719.96,n/a,2007,Capital Goods,Aerospace
AGCO,AGCO Corporation,92.51,6928953855.12,n/a,n/a,Capital Goods,Industrial Machinery/Components
UAVS,"AgEagle Aerial Systems, Inc.",2.89,167563289.53,n/a,n/a,Capital Goods,Aerospace
A,"Agilent Technologies, Inc.",116.9,35771400000,n/a,1999,Capital Goods,Biotechnology: Laboratory Analytical Instruments
AIRI,Air Industries Group,1.33,42200574.15,n/a,n/a,Capital Goods,Military/Government/Technical
ALG,"Alamo Group, Inc.",135.72,1612264703.4,n/a,n/a,Capital Goods,Industrial Machinery/Components
AMOT,"Allied Motion Technologies, Inc.",40.57,395869645.58,n/a,n/a,Capital Goods,Electrical Products
ALSN,"Allison Transmission Holdings, Inc.",41.05,4625136422.1,n/a,2012,Capital Goods,Auto Parts:O.E.M.
ALTG,Alta Equipment Group Inc.,9.06,271967628.12,n/a,2019,Capital Goods,Industrial Machinery/Components
AIMC,Altra Industrial Motion Corp.,56.76,3673167888.72,n/a,2006,Capital Goods,Industrial Machinery/Components
AXL,"American Axle & Manufacturing Holdings, Inc.",7.96,901653000.4,n/a,n/a,Capital Goods,Auto Parts:O.E.M.
AOUT,"American Outdoor Brands, Inc.",13.885,194044319.04,n/a,n/a,Capital Goods,Ordnance And Accessories
AP,Ampco-Pittsburgh Corporation,4.25,77824895,n/a,n/a,Capital Goods,Fluid Controls
APH,Amphenol Corporation,130.81,39132432978.31,n/a,n/a,Capital Goods,Electrical Products
AME,"AMTEK, Inc.",118.53,27269587381.68,n/a,n/a,Capital Goods,Industrial Machinery/Components
AEHL,Antelope Enterprise Holdings Limited,2.42,7381217.8,n/a,n/a,Capital Goods,Building Materials
APOG,"Apogee Enterprises, Inc.",26.24,692360715.52,n/a,n/a,Capital Goods,Auto Parts:O.E.M.
APTV,Aptiv PLC,118.7,32052011893.8,n/a,2011,Capital Goods,Auto Parts:O.E.M.
ACA,"Arcosa, Inc.",51.89,2504593569.85,n/a,2018,Capital Goods,Metal Fabrications
ARTW,"Art&#39;s-Way Manufacturing Co., Inc.",2.49,11034910.59,n/a,n/a,Capital Goods,Industrial Machinery/Components
ASTE,"Astec Industries, Inc.",58,1311341256,n/a,1986,Capital Goods,Construction/Ag Equipment/Trucks
ATRO,Astronics Corporation,11.42,351743571.46,n/a,n/a,Capital Goods,Military/Government/Technical
ASTC,Astrotech Corporation,1.95,36187620.3,n/a,n/a,Capital Goods,Biotechnology: Laboratory Analytical Instruments
ALV,"Autoliv, Inc.",89.05,7777404464.05,n/a,n/a,Capital Goods,Auto Parts:O.E.M.
AVTR,"Avantor, Inc.",27.28,15777082955.04,n/a,2019,Capital Goods,Biotechnology: Laboratory Analytical Instruments
AAXN,"Axon Enterprise, Inc.",125.69,7987586679.62,n/a,n/a,Capital Goods,Ordnance And Accessories
BW,Babcock,4.2,218439891.6,n/a,2015,Capital Goods,Building Products
BMI,"Badger Meter, Inc.",82.44,2400402017.52,n/a,n/a,Capital Goods,Industrial Machinery/Components
B,"Barnes Group, Inc.",46.01,2328905331.73,n/a,n/a,Capital Goods,Metal Fabrications
BZH,"Beazer Homes USA, Inc.",14.81,459299953.06,n/a,1994,Capital Goods,Homebuilding
BELFA,Bel Fuse Inc.,14.04,173524066.56,n/a,n/a,Capital Goods,Electrical Products
BELFB,Bel Fuse Inc.,14.66,181186810.24,n/a,n/a,Capital Goods,Electrical Products
BLI,"Berkeley Lights, Inc.",82.86,5333579627.34,n/a,2020,Capital Goods,Biotechnology: Laboratory Analytical Instruments
BNGO,"Bionano Genomics, Inc.",0.49,75061140,n/a,2018,Capital Goods,Biotechnology: Laboratory Analytical Instruments
BNGOW,"Bionano Genomics, Inc.",0.1499,0,n/a,2018,Capital Goods,Biotechnology: Laboratory Analytical Instruments
BIO,"Bio-Rad Laboratories, Inc.",538.5,16063726404,n/a,n/a,Capital Goods,Biotechnology: Laboratory Analytical Instruments
BLBD,Blue Bird Corporation,16.41,443864309.64,n/a,2014,Capital Goods,Construction/Ag Equipment/Trucks
BXC,BlueLinx Holdings Inc.,26.1,246946194,n/a,2004,Capital Goods,Wholesale Distributors
BA,Boeing Company (The),210.71,118952050137.06,n/a,n/a,Capital Goods,Aerospace
BNSO,"Bonso Electronics International, Inc.",4.37,21382947.51,n/a,n/a,Capital Goods,Industrial Machinery/Components
BIMI,BOQI International Medical Inc.,1.9,22194853.8,n/a,n/a,Capital Goods,Metal Fabrications
BWA,BorgWarner Inc.,38.85,9499550174.1,n/a,n/a,Capital Goods,Auto Parts:O.E.M.
BWEN,"Broadwind, Inc.",4.66,78929034.26,n/a,n/a,Capital Goods,Metal Fabrications
DOOO,BRP Inc.,57.05,5015843416.5,n/a,n/a,Capital Goods,Industrial Specialties
BRKR,Bruker Corporation,50.61,7748801042.22,n/a,n/a,Capital Goods,Biotechnology: Laboratory Analytical Instruments
CSTE,Caesarstone Ltd.,11.94,411152658.24,n/a,2012,Capital Goods,Building Materials
CAMT,Camtek Ltd.,18.85,775564494.25,n/a,2000,Capital Goods,Electronic Components
CARR,Carrier Global Corporation,38.07,32994784330.83,n/a,2020,Capital Goods,Industrial Machinery/Components
CAT,"Caterpillar, Inc.",173.59,94304205345.97,n/a,n/a,Capital Goods,Construction/Ag Equipment/Trucks
CECE,CECO Environmental Corp.,7.4,262735201.8,n/a,n/a,Capital Goods,Pollution Control Equipment
CPAC,Cementos Pacasmayo S.A.A.,9.03,773160962.07,n/a,n/a,Capital Goods,Building Materials
CX,Cemex S.A.B. de C.V.,4.6,6949280416.4,n/a,n/a,Capital Goods,Building Materials
CETX,Cemtrex Inc.,1.46,24445267.64,n/a,n/a,Capital Goods,Electrical Products
CETXP,Cemtrex Inc.,2.0101,0,n/a,n/a,Capital Goods,Electrical Products
CETXW,Cemtrex Inc.,0.0844,0,n/a,n/a,Capital Goods,Electrical Products
CCS,"Century Communities, Inc.",44.5,1484103168.5,n/a,2014,Capital Goods,Homebuilding
GTLS,"Chart Industries, Inc.",103.36,3727215347.2,n/a,2006,Capital Goods,Metal Fabrications
CAAS,"China Automotive Systems, Inc.",10.5,323943648,n/a,n/a,Capital Goods,Auto Parts:O.E.M.
CXDC,China XD Plastics Company Limited,1.18,83247632.38,n/a,n/a,Capital Goods,Containers/Packaging
CIR,"CIRCOR International, Inc.",33.07,661337067.79,n/a,n/a,Capital Goods,Metal Fabrications
CLIR,ClearSign Technologies Corporation,2.56,76910556.16,n/a,2012,Capital Goods,Industrial Machinery/Components
CNHI,CNH Industrial N.V.,10.88,14702462218.24,n/a,2013,Capital Goods,Construction/Ag Equipment/Trucks
CODA,"Coda Octopus Group, Inc.",5.59,60103014.79,n/a,n/a,Capital Goods,Industrial Machinery/Components
CGNX,Cognex Corporation,75.14,13121910695.92,n/a,1989,Capital Goods,Industrial Machinery/Components
COHR,"Coherent, Inc.",121.78,2953934406.04,n/a,n/a,Capital Goods,Biotechnology: Laboratory Analytical Instruments
COHU,"Cohu, Inc.",28.39,1191409118.78,n/a,n/a,Capital Goods,Electrical Products
CFX,Colfax Corporation,36.08,4273935018.32,n/a,2008,Capital Goods,Fluid Controls
CFXA,Colfax Corporation,151.21,0,n/a,2019,Capital Goods,Fluid Controls
CMCO,Columbus McKinnon Corporation,37.79,903138183.93,n/a,1996,Capital Goods,Construction/Ag Equipment/Trucks
FIX,"Comfort Systems USA, Inc.",50.39,1833931502.89,n/a,1997,Capital Goods,Engineering & Construction
CVGI,"Commercial Vehicle Group, Inc.",7.11,219240397.89,n/a,2004,Capital Goods,Auto Parts:O.E.M.
CIX,CompX International Inc.,14.5,180541776.5,n/a,1998,Capital Goods,Industrial Machinery/Components
CPS,Cooper-Standard Holdings Inc.,33.92,573136945.92,n/a,n/a,Capital Goods,Auto Parts:O.E.M.
CNR,"Cornerstone Building Brands, Inc.",8.74,1093387232.36,n/a,n/a,Capital Goods,Metal Fabrications
CVU,"CPI Aerostructures, Inc.",3.19,38124554.49,n/a,n/a,Capital Goods,Military/Government/Technical
CPSH,CPS Technologies Corp.,2.18,28985646.24,n/a,n/a,Capital Goods,Building Materials
CR,Crane Co.,69.53,4040252438.38,n/a,n/a,Capital Goods,Metal Fabrications
CRH,CRH PLC,39.25,30812400025,n/a,n/a,Capital Goods,Building Materials
CUB,Cubic Corporation,58.56,1846049422.08,n/a,n/a,Capital Goods,Industrial Machinery/Components
CYBE,CyberOptics Corporation,26.76,194135343.84,n/a,1987,Capital Goods,Electronic Components
DHI,"D.R. Horton, Inc.",74.5,27147129127.5,n/a,n/a,Capital Goods,Homebuilding
DAN,Dana Incorporated,16.84,2433232010.08,n/a,n/a,Capital Goods,Auto Parts:O.E.M.
DHR,Danaher Corporation,224.63,159572090412.21,n/a,n/a,Capital Goods,Industrial Machinery/Components
DAIO,Data I/O Corporation,3.96,33328686.6,n/a,1981,Capital Goods,Electrical Products
DE,Deere & Company,261.62,81985106542.54,n/a,n/a,Capital Goods,Industrial Machinery/Components
BOOM,DMC Global Inc.,40.85,603506502.85,n/a,n/a,Capital Goods,Industrial Specialties
DCI,"Donaldson Company, Inc.",53.24,6729342738.8,n/a,n/a,Capital Goods,Pollution Control Equipment
DORM,"Dorman Products, Inc.",92.37,2982322201.89,n/a,n/a,Capital Goods,Auto Parts:O.E.M.
PLOW,"Douglas Dynamics, Inc.",39.12,894183717.84,n/a,2010,Capital Goods,Construction/Ag Equipment/Trucks
DPW,"DPW Holdings, Inc.",5.46,100943944.92,n/a,n/a,Capital Goods,Industrial Machinery/Components
DCO,Ducommun Incorporated,49.72,582449414.8,n/a,n/a,Capital Goods,Military/Government/Technical
DXPE,"DXP Enterprises, Inc.",21.06,374672500.02,n/a,n/a,Capital Goods,Industrial Machinery/Components
EXP,Eagle Materials Inc,90.99,3805014542.58,n/a,n/a,Capital Goods,Building Materials
EML,Eastern Company (The),22.1,137968355.2,n/a,n/a,Capital Goods,Industrial Machinery/Components
EKSO,"Ekso Bionics Holdings, Inc.",5.73,47652444.84,n/a,n/a,Capital Goods,Industrial Machinery/Components
ESLT,Elbit Systems Ltd.,126.76,5602580310.8,n/a,n/a,Capital Goods,Military/Government/Technical
SOLO,Electrameccanica Vehicles Corp. Ltd.,7.47,478987522.83,n/a,n/a,Capital Goods,Auto Manufacturing
SOLOW,Electrameccanica Vehicles Corp. Ltd.,4.37,0,n/a,n/a,Capital Goods,Auto Manufacturing
ELSE,"Electro-Sensors, Inc.",4.2,14261188.2,n/a,n/a,Capital Goods,Industrial Machinery/Components
ERJ,Embraer S.A.,5.97,1098738357.72,n/a,2000,Capital Goods,Aerospace
EME,"EMCOR Group, Inc.",86.18,4733920573.06,n/a,n/a,Capital Goods,Engineering & Construction
WIRE,Encore Wire Corporation,51.67,1066039060.61,n/a,1992,Capital Goods,Metal Fabrications
ESE,ESCO Technologies Inc.,98.9,2575129914.6,n/a,n/a,Capital Goods,Telecommunications Equipment
ESP,Espey Mfg. & Electronics Corp.,19.0001,45650267.2633,n/a,n/a,Capital Goods,Industrial Machinery/Components
EXFO,EXFO Inc,2.92,162860433.32,n/a,n/a,Capital Goods,Electrical Products
EYPT,"EyePoint Pharmaceuticals, Inc.",0.545,78215859.21,n/a,n/a,Capital Goods,Biotechnology: Laboratory Analytical Instruments
FARO,"FARO Technologies, Inc.",66.12,1179253704.36,n/a,1997,Capital Goods,Industrial Machinery/Components
FSS,Federal Signal Corporation,31.03,1878041536.42,n/a,n/a,Capital Goods,Auto Manufacturing
RACE,Ferrari N.V.,211.11,52375295761.32,n/a,2015,Capital Goods,Auto Manufacturing
GSM,Ferroglobe PLC,1.27,214833085.7,n/a,n/a,Capital Goods,Metal Fabrications
FCAU,Fiat Chrysler Automobiles N.V.,15.5,31377161701.5,n/a,2014,Capital Goods,Auto Manufacturing
FSR,Fisker Inc.,19.38,5373262036.14,n/a,2018,Capital Goods,Auto Manufacturing
FLIR,"FLIR Systems, Inc.",38.24,5014965871.2,n/a,1993,Capital Goods,Industrial Machinery/Components
FLS,Flowserve Corporation,34.08,4439377762.56,n/a,n/a,Capital Goods,Fluid Controls
FLDM,Fluidigm Corporation,6.26,463984971.3,n/a,2011,Capital Goods,Biotechnology: Laboratory Analytical Instruments
F,Ford Motor Company,9.08,36124120428.8,n/a,n/a,Capital Goods,Auto Manufacturing
FRTA,"Forterra, Inc.",18.55,1218246578.5,n/a,2016,Capital Goods,Building Materials
FTV,Fortive Corporation,70.13,23647542435.82,n/a,2016,Capital Goods,Industrial Machinery/Components
RAIL,"Freightcar America, Inc.",2.65,41167296.85,n/a,2005,Capital Goods,Railroads
FEIM,"Frequency Electronics, Inc.",10.27,94099552.82,n/a,n/a,Capital Goods,Electrical Products
FRD,Friedman Industries Inc.,6.21,43742830.14,n/a,n/a,Capital Goods,Steel/Iron Ore
FTEK,"Fuel Tech, Inc.",4.4,108685099.6,n/a,n/a,Capital Goods,Pollution Control Equipment
FFHL,"Fuwei Films (Holdings) Co., Ltd.",5.68,18549954.16,n/a,2006,Capital Goods,Specialty Chemicals
GRMN,Garmin Ltd.,116.76,22328884078.2,n/a,2000,Capital Goods,Industrial Machinery/Components
GENC,Gencor Industries Inc.,12.06,176150699.64,n/a,n/a,Capital Goods,Construction/Ag Equipment/Trucks
GD,General Dynamics Corporation,149.35,42859290602.5,n/a,n/a,Capital Goods,Marine Transportation
GM,General Motors Company,43.84,62748525184,n/a,2010,Capital Goods,Auto Manufacturing
GNTX,Gentex Corporation,32.6,7988842617.2,n/a,n/a,Capital Goods,Auto Parts:O.E.M.
THRM,Gentherm Inc,56.86,1858769320.8,n/a,n/a,Capital Goods,Auto Parts:O.E.M.
GPC,Genuine Parts Company,98.37,14193773165.61,n/a,n/a,Capital Goods,Automotive Aftermarket
GEOS,Geospace Technologies Corporation,6.21,84894668.19,n/a,n/a,Capital Goods,Industrial Machinery/Components
GGB,Gerdau S.A.,4.21,7161889628.72,n/a,n/a,Capital Goods,Steel/Iron Ore
ROCK,"Gibraltar Industries, Inc.",65.46,2128899153.48,n/a,1993,Capital Goods,Steel/Iron Ore
GMHI,"Gores Metropoulos, Inc.",18.4,920000000,n/a,2019,Capital Goods,Auto Parts:O.E.M.
GMHIU,"Gores Metropoulos, Inc.",20.2,0,n/a,2019,Capital Goods,Auto Parts:O.E.M.
GMHIW,"Gores Metropoulos, Inc.",5.3,0,n/a,2019,Capital Goods,Auto Parts:O.E.M.
GRC,Gorman-Rupp Company (The),32.9,858755536.8,n/a,n/a,Capital Goods,Fluid Controls
GGG,Graco Inc.,67.74,11349233910.78,n/a,n/a,Capital Goods,Fluid Controls
GRBK,"Green Brick Partners, Inc.",21.77,1101930326.63,n/a,n/a,Capital Goods,Homebuilding
GBX,"Greenbrier Companies, Inc. (The)",33.37,1095339549.6,n/a,1994,Capital Goods,Railroads
GNLN,"Greenlane Holdings, Inc.",4.15,174804312.15,n/a,2019,Capital Goods,Recreational Products/Toys
GP,GreenPower Motor Company Inc.,22.07,421438854.71,n/a,n/a,Capital Goods,Construction/Ag Equipment/Trucks
GFF,Griffon Corporation,20.85,1170195908.4,n/a,n/a,Capital Goods,Building Products
GIFI,"Gulf Island Fabrication, Inc.",3.08,47201834.68,n/a,1997,Capital Goods,Metal Fabrications
HCDI,"Harbor Custom Development, Inc.",4.49,25269935.52,n/a,2020,Capital Goods,Homebuilding
HBIO,"Harvard Bioscience, Inc.",3.92,152783999.2,n/a,2000,Capital Goods,Biotechnology: Laboratory Analytical Instruments
HAYN,"Haynes International, Inc.",21.19,267468041.49,n/a,2007,Capital Goods,Steel/Iron Ore
HCHC,"HC2 Holdings, Inc.",3.35,158633471.25,n/a,n/a,Capital Goods,Metal Fabrications
HEI,Heico Corporation,123.58,16676241851.88,n/a,n/a,Capital Goods,Aerospace
HLIO,"Helios Technologies, Inc.",49.23,1580867064.72,n/a,n/a,Capital Goods,Metal Fabrications
HCAC,Hennessy Capital Acquisition Corp. IV,13,484993457,n/a,2019,Capital Goods,Auto Parts:O.E.M.
HCACU,Hennessy Capital Acquisition Corp. IV,15.185,0,n/a,2019,Capital Goods,Auto Parts:O.E.M.
HCACW,Hennessy Capital Acquisition Corp. IV,3.01,0,n/a,2019,Capital Goods,Auto Parts:O.E.M.
HIHO,Highway Holdings Limited,3.78,15013498.5,n/a,n/a,Capital Goods,Metal Fabrications
HMC,"Honda Motor Company, Ltd.",27.72,47861623267.92,n/a,n/a,Capital Goods,Auto Manufacturing
HON,Honeywell International Inc.,203.92,143087761810.56,n/a,n/a,Capital Goods,Aerospace
HZN,Horizon Global Corporation,7.26,190351624.32,n/a,2015,Capital Goods,Auto Parts:O.E.M.
HOV,Hovnanian Enterprises Inc,39.93,245253933.21,n/a,n/a,Capital Goods,Homebuilding
HOVNP,Hovnanian Enterprises Inc,7.49,0,n/a,n/a,Capital Goods,Homebuilding
HWM,Howmet Aerospace Inc.,23.46,10172347939.74,n/a,n/a,Capital Goods,Metal Fabrications
HTGM,"HTG Molecular Diagnostics, Inc.",5.43,25736761.05,n/a,2015,Capital Goods,Biotechnology: Laboratory Analytical Instruments
HUBB,Hubbell Inc,161.59,8762729990.3,n/a,2015,Capital Goods,Electrical Products
HII,"Huntington Ingalls Industries, Inc.",160.19,6486512477.42,n/a,n/a,Capital Goods,Marine Transportation
HURC,"Hurco Companies, Inc.",29.81,195707509.03,n/a,n/a,Capital Goods,Industrial Machinery/Components
HYLN,Hyliion Holdings Corp.,20.08,3090348726.32,n/a,2019,Capital Goods,Construction/Ag Equipment/Trucks
HY,"Hyster-Yale Materials Handling, Inc.",55.04,924971252.48,n/a,n/a,Capital Goods,Construction/Ag Equipment/Trucks
IEP,Icahn Enterprises L.P.,50.07,11620356905.61,n/a,n/a,Capital Goods,Auto Parts:O.E.M.
IDEX,"Ideanomics, Inc.",2.77,661950683.82,n/a,n/a,Capital Goods,Auto Manufacturing
IEX,IDEX Corporation,193.15,14622572179.6,n/a,1989,Capital Goods,Fluid Controls
IESC,"IES Holdings, Inc.",36.88,776271335.36,n/a,n/a,Capital Goods,Engineering & Construction
IIVI,II-VI Incorporated,67.65,7017081624.3,n/a,1987,Capital Goods,Electronic Components
IIVIP,II-VI Incorporated,288.71,0,n/a,n/a,Capital Goods,Electronic Components
ILMN,"Illumina, Inc.",322.09,47025140000,n/a,2000,Capital Goods,Biotechnology: Laboratory Analytical Instruments
ISNS,"Image Sensing Systems, Inc.",4.53,24218698.23,n/a,1995,Capital Goods,Industrial Machinery/Components
PI,"Impinj, Inc.",41.79,964793736.27,n/a,2016,Capital Goods,Industrial Machinery/Components
INSG,Inseego Corp.,9.93,981881051.31,n/a,n/a,Capital Goods,Telecommunications Equipment
IIIN,"Insteel Industries, Inc.",23.13,446538805.56,n/a,n/a,Capital Goods,Steel/Iron Ore
INTT,inTest Corporation,5.4,56857264.2,n/a,1997,Capital Goods,Electrical Products
IIN,IntriCon Corporation,17.34,155078035.8,n/a,n/a,Capital Goods,Electrical Products
IRDM,Iridium Communications Inc,32.09,4277652258.98,n/a,n/a,Capital Goods,Telecommunications Equipment
ITI,"Iteris, Inc.",4.88,200930735.28,n/a,n/a,Capital Goods,Telecommunications Equipment
ITRI,"Itron, Inc.",78.61,3175601016.49,n/a,1993,Capital Goods,Electrical Products
ITT,ITT Inc.,72.63,6275232000,n/a,2011,Capital Goods,Fluid Controls
JHX,James Hardie Industries plc.,29.46,13078381633.74,n/a,n/a,Capital Goods,Building Materials
KALU,Kaiser Aluminum Corporation,77.98,1233032938.62,n/a,n/a,Capital Goods,Metal Fabrications
KNDI,"Kandi Technologies Group, Inc.",9.76,706404936.8,n/a,n/a,Capital Goods,Auto Manufacturing
KBH,KB Home,35.2,3444123232,n/a,1986,Capital Goods,Homebuilding
KIQ,Kelso Technologies Inc,0.48,22641641.28,n/a,n/a,Capital Goods,Railroads
KMT,Kennametal Inc.,34.99,2913828359.68,n/a,n/a,Capital Goods,Industrial Machinery/Components
KEQU,Kewaunee Scientific Corporation,9.51,26233430.1,n/a,n/a,Capital Goods,Medical Specialities
KEYS,Keysight Technologies Inc.,120.04,22243412000,n/a,2014,Capital Goods,Industrial Machinery/Components
KLAC,KLA Corporation ,251.97,38919240089.49,n/a,1980,Capital Goods,Electronic Components
KRNT,Kornit Digital Ltd.,84.37,3820098785.36,n/a,2015,Capital Goods,Industrial Machinery/Components
KTOS,"Kratos Defense & Security Solutions, Inc.",21.17,2598747229.76,n/a,n/a,Capital Goods,Military/Government/Technical
SCX,L.S. Starrett Company (The),3.81,26997717.15,n/a,n/a,Capital Goods,Industrial Machinery/Components
LHX,"L3Harris Technologies, Inc.",191.99,40339409983.63,n/a,n/a,Capital Goods,Industrial Machinery/Components
LCII,LCI Industries ,125.78,3163893137.74,n/a,n/a,Capital Goods,Auto Parts:O.E.M.
LEA,Lear Corporation,142.95,8582544172.8,n/a,n/a,Capital Goods,Auto Parts:O.E.M.
LII,"Lennox International, Inc.",287.83,11020837714.17,n/a,1999,Capital Goods,Industrial Machinery/Components
LFAC,LF Capital Acquistion Corp.,10.5912,170524812.4056,n/a,2018,Capital Goods,Homebuilding
LFACU,LF Capital Acquistion Corp.,11.5,0,n/a,2018,Capital Goods,Homebuilding
LFACW,LF Capital Acquistion Corp.,1.8,0,n/a,2018,Capital Goods,Homebuilding
LPL,"LG Display Co., Ltd.",6.87,4916387718,n/a,2004,Capital Goods,Industrial Machinery/Components
LGIH,"LGI Homes, Inc.",108.05,2712101029.3,n/a,2013,Capital Goods,Homebuilding
LGL,"LGL Group, Inc. (The)",9.64,50256404.8,n/a,n/a,Capital Goods,Industrial Machinery/Components
LI,Li Auto Inc.,35.99,3419050000,95000000,2020,Capital Goods,Auto Manufacturing
LCUT,"Lifetime Brands, Inc.",13.47,293215229.4,n/a,1991,Capital Goods,Industrial Machinery/Components
LNN,Lindsay Corporation,115.82,1258412791.72,n/a,n/a,Capital Goods,Industrial Machinery/Components
LMT,Lockheed Martin Corporation,365,102121067655,n/a,n/a,Capital Goods,Military/Government/Technical
LOMA,Loma Negra Compania Industrial Argentina Sociedad Anonima,5.49,654408000,n/a,2017,Capital Goods,Building Materials
RIDE,Lordstown Motors Corp.,24.6,4057743505.8,n/a,2019,Capital Goods,Auto Manufacturing
RIDEW,Lordstown Motors Corp.,9,0,n/a,2019,Capital Goods,Auto Manufacturing
LITE,Lumentum Holdings Inc.,86.38,6521690000,n/a,n/a,Capital Goods,Telecommunications Equipment
LDL,"Lydall, Inc.",27.4,485895954.6,n/a,n/a,Capital Goods,Auto Parts:O.E.M.
MDC,"M.D.C. Holdings, Inc.",48.27,3131140371.51,n/a,n/a,Capital Goods,Homebuilding
MHO,"M/I Homes, Inc.",45.45,1306489747.05,n/a,1993,Capital Goods,Homebuilding
MAGS,Magal Security Systems Ltd.,4.01,92847479.85,n/a,1993,Capital Goods,Telecommunications Equipment
MGA,"Magna International, Inc.",61.42,18380783148.78,n/a,n/a,Capital Goods,Auto Parts:O.E.M.
MBUU,"Malibu Boats, Inc.",56.99,1180872465.04,n/a,2014,Capital Goods,Marine Transportation
MTW,"Manitowoc Company, Inc. (The)",11.11,383946134.88,n/a,n/a,Capital Goods,Construction/Ag Equipment/Trucks
MPX,Marine Products Corporation,15.42,522254182.08,n/a,n/a,Capital Goods,Marine Transportation
MAS,Masco Corporation,53.67,14044145069.97,n/a,n/a,Capital Goods,Industrial Specialties
MCFT,"MasterCraft Boat Holdings, Inc.",21.66,410507641.08,n/a,2015,Capital Goods,Marine Transportation
MTRN,Materion Corporation,58.3,1185078908.2,n/a,n/a,Capital Goods,Industrial Specialties
MATW,Matthews International Corporation,26.73,849788692.83,n/a,1994,Capital Goods,Metal Fabrications
MEC,"Mayville Engineering Company, Inc.",11.02,221054477.8,n/a,2019,Capital Goods,Industrial Specialties
MRCY,Mercury Systems Inc,71.22,3988599324.84,n/a,1998,Capital Goods,Electrical Products
MTH,Meritage Corporation,90.15,3390733249.05,n/a,n/a,Capital Goods,Homebuilding
MTOR,"Meritor, Inc.",26.4,1909026688.8,n/a,n/a,Capital Goods,Auto Parts:O.E.M.
MLAB,"Mesa Laboratories, Inc.",271.76,1391045139.28,n/a,n/a,Capital Goods,Industrial Machinery/Components
MEI,"Methode Electronics, Inc.",35.02,1314291424.76,n/a,n/a,Capital Goods,Electrical Products
MTD,"Mettler-Toledo International, Inc.",1150.04,27364699232.52,n/a,1997,Capital Goods,Biotechnology: Laboratory Analytical Instruments
MVIS,"Microvision, Inc.",2.31,338197652.1,n/a,1996,Capital Goods,Industrial Machinery/Components
MICT,"MICT, Inc.",1.61,107841739.67,n/a,n/a,Capital Goods,Electrical Products
MLR,"Miller Industries, Inc.",33.39,380828576.52,n/a,n/a,Capital Goods,Construction/Ag Equipment/Trucks
MIND,"MIND Technology, Inc.",2.2399,27286983.6967,n/a,1994,Capital Goods,Industrial Machinery/Components
MINDP,"MIND Technology, Inc.",18.735,0,n/a,n/a,Capital Goods,Industrial Machinery/Components
MSON,"MISONIX, Inc.",13.94,242245807.12,n/a,1992,Capital Goods,Medical Specialities
MKSI,"MKS Instruments, Inc.",137.98,7607815402.24,n/a,1999,Capital Goods,Industrial Machinery/Components
MOD,Modine Manufacturing Company,10.92,558532228.8,n/a,n/a,Capital Goods,Auto Parts:O.E.M.
MPAA,"Motorcar Parts of America, Inc.",20.12,383288957.64,n/a,n/a,Capital Goods,Auto Parts:O.E.M.
MRC,MRC Global Inc.,5.78,475341379.54,n/a,2012,Capital Goods,Industrial Machinery/Components
MSM,"MSC Industrial Direct Company, Inc.",83.32,4633227731.6,n/a,1995,Capital Goods,Industrial Machinery/Components
MTSC,MTS Systems Corporation,35.03,675256565.66,n/a,n/a,Capital Goods,Industrial Machinery/Components
MLI,"Mueller Industries, Inc.",32.76,1869948171,n/a,n/a,Capital Goods,Metal Fabrications
MWA,Mueller Water Products Inc,11.87,1876674977.59,n/a,2006,Capital Goods,Metal Fabrications
NSSC,"NAPCO Security Technologies, Inc.",30.5,559594205.5,n/a,n/a,Capital Goods,Telecommunications Equipment
NPK,"National Presto Industries, Inc.",85.05,597330644.4,n/a,n/a,Capital Goods,Ordnance And Accessories
SID,National Steel Company,4.35,6003498279.45,n/a,n/a,Capital Goods,Steel/Iron Ore
NAV,Navistar International Corporation,44.26,4407240221.96,n/a,n/a,Capital Goods,Auto Manufacturing
NAV^D,Navistar International Corporation,19,0,n/a,n/a,Capital Goods,Auto Manufacturing
NEON,Neonode Inc.,7.65,87725434.05,n/a,n/a,Capital Goods,Industrial Machinery/Components
NWHM,New Home Company Inc. (The),5.62,102463581.48,n/a,2014,Capital Goods,Homebuilding
NKLA,Nikola Corporation,20.41,7839229426.34,n/a,2018,Capital Goods,Auto Manufacturing
NIO,NIO Inc.,50.53,68830955854.77,n/a,2018,Capital Goods,Auto Manufacturing
NISN,"NiSun Intl Enterprise Development Group Co, Ltd",14.7,258992082.3,n/a,2016,Capital Goods,Metal Fabrications
NIU,Niu Technologies,29.82,945519618.12,31707566,2018,Capital Goods,Auto Manufacturing
NNBR,"NN, Inc.",6.265,267703882.285,n/a,1994,Capital Goods,Metal Fabrications
NDSN,Nordson Corporation,203.81,11828018578.35,n/a,n/a,Capital Goods,Industrial Machinery/Components
NSYS,Nortech Systems Incorporated,4.42,11746282.6,n/a,n/a,Capital Goods,Industrial Machinery/Components
NTIC,Northern Technologies International Corporation,9.36,85219392.96,n/a,n/a,Capital Goods,Industrial Specialties
NOC,Northrop Grumman Corporation,302.26,50391572719.32,n/a,n/a,Capital Goods,Industrial Machinery/Components
NVMI,Nova Measuring Instruments Ltd.,64.54,1813029927.8,n/a,2000,Capital Goods,Electronic Components
NVR,"NVR, Inc.",3997.18,14871236381.76,n/a,n/a,Capital Goods,Homebuilding
OFLX,"Omega Flex, Inc.",141.72,1430567313.84,n/a,n/a,Capital Goods,Industrial Specialties
ONTO,Onto Innovation Inc.,44.21,2158832126.68,n/a,n/a,Capital Goods,Industrial Machinery/Components
OSK,Oshkosh Corporation,80.5,5489276968,n/a,n/a,Capital Goods,Auto Manufacturing
OC,Owens Corning Inc,72.87,7886956708.89,n/a,n/a,Capital Goods,Industrial Machinery/Components
PCAR,PACCAR Inc.,87.06,30161049162.12,n/a,n/a,Capital Goods,Auto Manufacturing
PACB,"Pacific Biosciences of California, Inc.",15.81,2959997716.92,n/a,2010,Capital Goods,Biotechnology: Laboratory Analytical Instruments
PKE,Park Aerospace Corp.,12.73,259455552.98,n/a,n/a,Capital Goods,Military/Government/Technical
PH,Parker-Hannifin Corporation,267.26,34423153211.44,n/a,n/a,Capital Goods,Metal Fabrications
PKOH,Park-Ohio Holdings Corp.,28.09,354373945.58,n/a,n/a,Capital Goods,Industrial Specialties
PATK,"Patrick Industries, Inc.",63.04,1472811336.96,n/a,n/a,Capital Goods,Auto Parts:O.E.M.
PRCP,"Perceptron, Inc.",6.97,68163442.59,n/a,1992,Capital Goods,Electronic Components
PKI,"PerkinElmer, Inc.",133,14892606505,n/a,n/a,Capital Goods,Biotechnology: Laboratory Analytical Instruments
PPIH,"Perma-Pipe International Holdings, Inc.",5.78,47193636.42,n/a,n/a,Capital Goods,Pollution Control Equipment
PGTI,"PGT Innovations, Inc.",18.62,1097886889.12,n/a,2006,Capital Goods,Building Products
PIC,Pivotal Investment Corporation II,14.04,403650000,n/a,2019,Capital Goods,Auto Parts:O.E.M.
PII,Polaris Inc.,96,5923207776,n/a,n/a,Capital Goods,Industrial Specialties
PWFL,"PowerFleet, Inc.",6.88,213974494.72,n/a,n/a,Capital Goods,Telecommunications Equipment
PRPO,"Precipio, Inc.",2.25,38760561,n/a,n/a,Capital Goods,Biotechnology: Laboratory Analytical Instruments
PRLB,"Proto Labs, Inc.",138.16,3696269777.2,n/a,2012,Capital Goods,Metal Fabrications
PHM,"PulteGroup, Inc.",43.63,11696929963.46,n/a,n/a,Capital Goods,Homebuilding
NX,Quanex Building Products Corporation,20.6,675792022.8,n/a,n/a,Capital Goods,Metal Fabrications
PWR,"Quanta Services, Inc.",68.34,9489753906,n/a,n/a,Capital Goods,Engineering & Construction
QTRX,Quanterix Corporation,43.19,1367748866.96,n/a,2017,Capital Goods,Biotechnology: Laboratory Analytical Instruments
RAVN,"Raven Industries, Inc.",25.22,904232457.7,n/a,n/a,Capital Goods,Specialty Chemicals
RTX,Raytheon Technologies Corporation,71.72,108922342072.72,n/a,n/a,Capital Goods,Aerospace
ROLL,RBC Bearings Incorporated,168.84,4238090660.16,n/a,2005,Capital Goods,Metal Fabrications
REKR,"Rekor Systems, Inc.",4.74,156297978.18,n/a,n/a,Capital Goods,Telecommunications Equipment
REZI,"Resideo Technologies, Inc.",18.49,2597751052.31,n/a,2018,Capital Goods,Wholesale Distributors
RETO,"ReTo Eco-Solutions, Inc.",0.66,15929100,n/a,2017,Capital Goods,Industrial Machinery/Components
REVG,"REV Group, Inc.",9.24,586520115.72,n/a,2017,Capital Goods,Auto Manufacturing
RFIL,"RF Industries, Ltd.",4.79,46805566.43,n/a,n/a,Capital Goods,Electrical Products
ROK,"Rockwell Automation, Inc.",255.56,29690635727.68,n/a,n/a,Capital Goods,Industrial Machinery/Components
ROP,"Roper Technologies, Inc.",427,44780498147,n/a,1992,Capital Goods,Industrial Machinery/Components
SMIT,"Schmitt Industries, Inc.",5.71,21436167.95,n/a,n/a,Capital Goods,Industrial Machinery/Components
ST,Sensata Technologies Holding plc,48.83,7681428353.96,n/a,2010,Capital Goods,Industrial Machinery/Components
SENS,"Senseonics Holdings, Inc.",0.37,90896646.07,n/a,n/a,Capital Goods,Industrial Machinery/Components
SVT,"Servotronics, Inc.",7.2,17916674.4,n/a,n/a,Capital Goods,Industrial Machinery/Components
SIF,"SIFCO Industries, Inc.",3.7999,22480675.7877,n/a,n/a,Capital Goods,Aerospace
SSD,"Simpson Manufacturing Company, Inc.",91.9,3990433001.1,n/a,n/a,Capital Goods,Industrial Machinery/Components
SWBI,"Smith & Wesson Brands, Inc.",15.76,881039711.6,n/a,n/a,Capital Goods,Ordnance And Accessories
SMID,Smith-Midland Corporation,8.3934,43511310.0594,n/a,n/a,Capital Goods,Building Materials
SNA,Snap-On Incorporated,175.85,9533629848.45,n/a,n/a,Capital Goods,Industrial Machinery/Components
SPR,"Spirit Aerosystems Holdings, Inc.",34,3591667214,n/a,2006,Capital Goods,Military/Government/Technical
SRAC,Stable Road Acquisition Corp.,13.34,294914050,n/a,2019,Capital Goods,Military/Government/Technical
SRACU,Stable Road Acquisition Corp.,15.64,0,n/a,2019,Capital Goods,Military/Government/Technical
SRACW,Stable Road Acquisition Corp.,3.18,0,n/a,2019,Capital Goods,Military/Government/Technical
SMP,"Standard Motor Products, Inc.",46.29,1039030617.06,n/a,n/a,Capital Goods,Auto Parts:O.E.M.
SWK,"Stanley Black & Decker, Inc.",184.31,29530756238.69,n/a,n/a,Capital Goods,Industrial Machinery/Components
SWT,"Stanley Black & Decker, Inc.",111.08,0,n/a,2019,Capital Goods,Industrial Machinery/Components
SPLP,Steel Partners Holdings LP,8.7,219302422.5,n/a,n/a,Capital Goods,Industrial Specialties
SRI,"Stoneridge, Inc.",26.86,725361203.02,n/a,1997,Capital Goods,Auto Parts:O.E.M.
STRT,Strattec Security Corporation,44.3,170993215.6,n/a,n/a,Capital Goods,Auto Parts:O.E.M.
RGR,"Sturm, Ruger & Company, Inc.",61.24,1071448916,n/a,n/a,Capital Goods,Ordnance And Accessories
RUN,Sunrun Inc.,64.08,12657750851.52,n/a,2015,Capital Goods,Industrial Specialties
SUP,"Superior Industries International, Inc.",4.99,127703730.7,n/a,n/a,Capital Goods,Auto Parts:O.E.M.
SBE,Switchback Energy Acquisition Corporation,33.61,1319686701.44,n/a,2019,Capital Goods,Industrial Specialties
SYPR,"Sypris Solutions, Inc.",1.46,31122457.92,n/a,n/a,Capital Goods,Industrial Machinery/Components
SYX,Systemax Inc.,30.77,1151179855.7,n/a,n/a,Capital Goods,Industrial Machinery/Components
TATT,TAT Technologies Ltd.,4.465,39625517.64,n/a,n/a,Capital Goods,Aerospace
TTM,Tata Motors Ltd,11.94,8590774574.52,n/a,n/a,Capital Goods,Auto Manufacturing
TAYD,"Taylor Devices, Inc.",10.54,36760653.12,n/a,n/a,Capital Goods,Industrial Machinery/Components
TMHC,Taylor Morrison Home Corporation,25.28,3284961416.32,n/a,2013,Capital Goods,Homebuilding
TDY,Teledyne Technologies Incorporated,377.94,13939079146.5,n/a,n/a,Capital Goods,Industrial Machinery/Components
TNAV,"Telenav, Inc.",4.75,225733252.5,n/a,2010,Capital Goods,Industrial Machinery/Components
TEN,Tenneco Inc.,10.65,867249671.1,n/a,n/a,Capital Goods,Auto Parts:O.E.M.
TER,"Teradyne, Inc.",110.34,18322599951.18,n/a,n/a,Capital Goods,Electrical Products
TEX,Terex Corporation,31,2148300000,n/a,n/a,Capital Goods,Construction/Ag Equipment/Trucks
TSLA,"Tesla, Inc. ",567.6,538028456050.8,n/a,2010,Capital Goods,Auto Manufacturing
TXT,Textron Inc.,45.1,10322259388.1,n/a,n/a,Capital Goods,Aerospace
XONE,The ExOne Company,11.92,228714880.8,n/a,2013,Capital Goods,Industrial Machinery/Components
SHYF,"The Shyft Group, Inc.",25.93,921823350.01,n/a,n/a,Capital Goods,Auto Manufacturing
TMO,Thermo Fisher Scientific Inc,464.98,184287937111.18,n/a,n/a,Capital Goods,Industrial Machinery/Components
THMO,"ThermoGenesis Holdings, Inc.",2.49,19412463.3,n/a,n/a,Capital Goods,Medical Specialities
TKR,Timken Company (The),73.44,5534158446.72,n/a,n/a,Capital Goods,Metal Fabrications
TOL,"Toll Brothers, Inc.",47.35,5974765050,n/a,n/a,Capital Goods,Homebuilding
TTC,Toro Company (The),90.71,9732955408.61,n/a,n/a,Capital Goods,Tools/Hardware
TBLT,"ToughBuilt Industries, Inc.",0.8217,31581162.7461,n/a,2018,Capital Goods,Industrial Machinery/Components
TBLTW,"ToughBuilt Industries, Inc.",0.0872,0,n/a,2018,Capital Goods,Industrial Machinery/Components
TM,Toyota Motor Corp Ltd Ord,134.46,187972341453.18,n/a,n/a,Capital Goods,Auto Manufacturing
TT,Trane Technologies plc,146.24,35115868447.04,n/a,n/a,Capital Goods,Auto Parts:O.E.M.
TRNS,"Transcat, Inc.",31.7,235678278.2,n/a,n/a,Capital Goods,Electrical Products
TDG,Transdigm Group Incorporated,579.19,31528718495.58,n/a,2006,Capital Goods,Military/Government/Technical
TG,Tredegar Corporation,15.81,529599712.08,n/a,n/a,Capital Goods,Metal Fabrications
TPH,"TRI Pointe Group, Inc.",17.48,2216904391.12,n/a,2013,Capital Goods,Homebuilding
TRS,TriMas Corporation,26.73,1155407724.9,n/a,2007,Capital Goods,Industrial Specialties
TRMB,Trimble Inc.,59.87,14978015506.93,n/a,1990,Capital Goods,Industrial Machinery/Components
TRN,"Trinity Industries, Inc.",22.85,2608591554.6,n/a,n/a,Capital Goods,Railroads
TGI,"Triumph Group, Inc.",13.17,686297352.69,n/a,1996,Capital Goods,Aerospace
HEAR,Turtle Beach Corporation,18.69,283855795.44,n/a,n/a,Capital Goods,Telecommunications Equipment
USCR,"U S Concrete, Inc.",35.48,591654013.4,n/a,n/a,Capital Goods,Building Materials
UFAB,"Unique Fabricating, Inc.",4.69,45864199.43,n/a,2015,Capital Goods,Auto Parts:O.E.M.
UAMY,United States Antimony Corporation,0.412,31291299.884,n/a,n/a,Capital Goods,Metal Fabrications
OLED,Universal Display Corporation,229.04,10788792463.12,n/a,n/a,Capital Goods,Electrical Products
UTSI,UTStarcom Holdings Corp,1.14,40955301.42,n/a,2000,Capital Goods,Telecommunications Equipment
VMI,"Valmont Industries, Inc.",162.98,3463782973.8,n/a,n/a,Capital Goods,Metal Fabrications
VREX,Varex Imaging Corporation,16.68,651505687.92,n/a,n/a,Capital Goods,Industrial Machinery/Components
VEDL,Vedanta  Limited,6.56,6096202483.04,n/a,2013,Capital Goods,Metal Fabrications
VLDR,"Velodyne Lidar, Inc.",15.92,2685915672.32,n/a,n/a,Capital Goods,Industrial Machinery/Components
VLDRW,"Velodyne Lidar, Inc.",3.93,0,n/a,n/a,Capital Goods,Industrial Machinery/Components
VNE,"Veoneer, Inc.",19.93,2224088031.12,n/a,2018,Capital Goods,Auto Parts:O.E.M.
VRT,"Vertiv Holdings, LLC",18.71,6144601710.55,n/a,2018,Capital Goods,Industrial Machinery/Components
VICR,Vicor Corporation,81.96,3546840473.52,n/a,n/a,Capital Goods,Industrial Machinery/Components
VSH,"Vishay Intertechnology, Inc.",19.36,2800581938.88,n/a,n/a,Capital Goods,Electrical Products
VPG,"Vishay Precision Group, Inc.",29.25,397078285.5,n/a,n/a,Capital Goods,Electrical Products
VMAR,Vision Marine Technologies Inc.,13.15,99646452.55,n/a,2020,Capital Goods,Marine Transportation
VISL,"Vislink Technologies, Inc.",1.33,27768777.4,n/a,2013,Capital Goods,Telecommunications Equipment
VSTO,Vista Outdoor Inc.,20.63,1201400180.44,n/a,2015,Capital Goods,Ordnance And Accessories
VC,Visteon Corporation,120.85,3363594725.95,n/a,n/a,Capital Goods,Auto Parts:O.E.M.
VCRA,"Vocera Communications, Inc.",33.83,1099251417.53,n/a,2012,Capital Goods,Telecommunications Equipment
VNT,Vontier Corporation,33.17,5585122308.25,n/a,2020,Capital Goods,Industrial Machinery/Components
VJET,voxeljet AG,11.92,57645120,4836000,n/a,Capital Goods,Industrial Machinery/Components
WNC,Wabash National Corporation,17.68,936159147.04,n/a,1991,Capital Goods,Construction/Ag Equipment/Trucks
WAT,Waters Corporation,232.01,14395678988.66,n/a,1995,Capital Goods,Biotechnology: Laboratory Analytical Instruments
WTS,"Watts Water Technologies, Inc.",117.15,3941303223,n/a,1986,Capital Goods,Metal Fabrications
WAB,Westinghouse Air Brake Technologies Corporation,73.3,13950928198.6,n/a,n/a,Capital Goods,Railroads
WTT,"Wireless Telecom Group,  Inc.",1.6,34712016,n/a,n/a,Capital Goods,Electrical Products
WKHS,"Workhorse Group, Inc.",25.37,3057824713.09,n/a,n/a,Capital Goods,Auto Manufacturing
WOR,"Worthington Industries, Inc.",51.72,2812313686.56,n/a,n/a,Capital Goods,Steel/Iron Ore
XPEL,"XPEL, Inc.",37.88,1045965174.36,n/a,n/a,Capital Goods,Industrial Specialties
XPEV,XPeng Inc.,58.76,42292088925.84,n/a,2020,Capital Goods,Auto Manufacturing
XYL,Xylem Inc.,95.97,17296863984.33,n/a,2011,Capital Goods,Fluid Controls
ZKIN,"ZK International Group Co., Ltd",2.25,37255583.25,n/a,2017,Capital Goods,Metal Fabrications
