FLWS,"1-800-FLOWERS.COM, Inc.",23.44,1515248374.88,n/a,1999,Consumer Services,Other Specialty Stores
GOED,1847 Goedeker Inc.,6,36667200,n/a,2020,Consumer Services,Home Furnishings
WBAI,500.com Limited,2.69,115674005.41,n/a,2013,Consumer Services,Services-Misc. Amusement & Recreation
AHC,A.H. Belo Corporation,1.51,32329738.73,n/a,n/a,Consumer Services,Newspapers/Magazines
ANF,Abercrombie & Fitch Company,20.74,1293844160,n/a,n/a,Consumer Services,Clothing/Shoe/Accessory Stores
ASO,"Academy Sports and Outdoors, Inc.",16.45,1479029205.5,n/a,2020,Consumer Services,Other Specialty Stores
AKR,Acadia Realty Trust,14.2,1225007062.6,n/a,n/a,Consumer Services,Real Estate Investment Trusts
ACEL,"Accel Entertainment, Inc.",10.44,1009382108.4,n/a,2017,Consumer Services,Services-Misc. Amusement & Recreation
ATV,"Acorn International, Inc.",20.8,53475801.6,n/a,2007,Consumer Services,Other Specialty Stores
AEY,"ADDvantage Technologies Group, Inc.",3.19,37606718.6,n/a,n/a,Consumer Services,Office Equipment/Supplies/Services
ADT,ADT Inc.,7.77,6413810416.02,n/a,2018,Consumer Services,Diversified Commercial Services
ATGE,Adtalem Global Education Inc.,28.63,1491376295.29,n/a,n/a,Consumer Services,Other Consumer Services
AAP,Advance Auto Parts Inc,147.7,10022115410.3,n/a,n/a,Consumer Services,Other Specialty Stores
ACM,AECOM,51.89,7823133114.99,n/a,2007,Consumer Services,Military/Government/Technical
AFYA,Afya Limited,26.52,2471738865.96,n/a,2019,Consumer Services,Other Consumer Services
AGNC,AGNC Investment Corp.,15.28,8330832774.32,n/a,2008,Consumer Services,Real Estate Investment Trusts
AGNCM,AGNC Investment Corp.,23.43,0,n/a,n/a,Consumer Services,Real Estate Investment Trusts
AGNCN,AGNC Investment Corp.,23.85,0,n/a,n/a,Consumer Services,Real Estate Investment Trusts
AGNCO,AGNC Investment Corp.,23.11,0,n/a,n/a,Consumer Services,Real Estate Investment Trusts
AGNCP,AGNC Investment Corp.,22.3,0,n/a,n/a,Consumer Services,Real Estate Investment Trusts
ADC,Agree Realty Corporation,65.9,3648917597.5,n/a,n/a,Consumer Services,Real Estate Investment Trusts
ACI,"Albertsons Companies, Inc.",16.03,7576624624.45,n/a,2020,Consumer Services,Food Chains
ALEX,"Alexander & Baldwin, Inc.",15.65,1132345530.55,n/a,n/a,Consumer Services,Real Estate Investment Trusts
ALX,"Alexander&#39;s, Inc.",273.36,1396128794.4,n/a,n/a,Consumer Services,Real Estate Investment Trusts
ARE,"Alexandria Real Estate Equities, Inc.",163.73,22094321686.01,n/a,n/a,Consumer Services,Real Estate Investment Trusts
ALLE,Allegion plc,114.04,10496129270.6,n/a,2013,Consumer Services,Diversified Commercial Services
AESE,"Allied Esports Entertainment, Inc.",1.03,36164168.29,n/a,2017,Consumer Services,Services-Misc. Amusement & Recreation
PINE,"Alpine Income Property Trust, Inc.",16.01,119414667.55,n/a,2019,Consumer Services,Real Estate Investment Trusts
ATUS,"Altice USA, Inc.",33.92,18941265741.44,n/a,2017,Consumer Services,Television Services
ASPS,Altisource Portfolio Solutions S.A.,13.18,206263164.62,n/a,n/a,Consumer Services,Other Consumer Services
AMZN,"Amazon.com, Inc.",3168.04,1589567817791.32,n/a,1997,Consumer Services,Catalog/Specialty Distribution
AMBO,Ambow Education Holding Ltd.,2.49,57806186.64,n/a,n/a,Consumer Services,Other Consumer Services
AMC,"AMC Entertainment Holdings, Inc.",4.27,586672200.66,n/a,2013,Consumer Services,Movies/Entertainment
AMCX,AMC Networks Inc.,32.97,1359656028.36,n/a,n/a,Consumer Services,Television Services
UHAL,Amerco,414.23,8122134023.24,n/a,n/a,Consumer Services,Rental/Leasing Companies
AAT,"American Assets Trust, Inc.",28.69,1729517233.01,n/a,2011,Consumer Services,Real Estate Investment Trusts
ACC,American Campus Communities Inc,39.8,5477757221.8,n/a,2004,Consumer Services,Real Estate Investment Trusts
AEO,"American Eagle Outfitters, Inc.",17.99,2988390554.17,n/a,n/a,Consumer Services,Clothing/Shoe/Accessory Stores
AFIN,"American Finance Trust, Inc.",7.38,803218602.42,n/a,n/a,Consumer Services,Real Estate Investment Trusts
AFINP,"American Finance Trust, Inc.",24.89,0,n/a,n/a,Consumer Services,Real Estate Investment Trusts
AMH,American Homes 4 Rent,28.72,9083077438.24,n/a,2013,Consumer Services,Real Estate Investment Trusts
APEI,"American Public Education, Inc.",31.04,459676698.88,n/a,2007,Consumer Services,Other Consumer Services
AREC,American Resources Corporation,1.8,64084338,n/a,n/a,Consumer Services,Other Consumer Services
AMT,American Tower Corporation (REIT),231.2,102702128832,n/a,n/a,Consumer Services,Real Estate Investment Trusts
COLD,Americold Realty Trust,34.13,6991868933.08,n/a,2018,Consumer Services,Real Estate Investment Trusts
AXR,AMREP Corporation,5.9352,43465665.624,n/a,n/a,Consumer Services,Newspapers/Magazines
ANGI,ANGI Homeservices Inc.,12.36,6177494603.28,n/a,n/a,Consumer Services,Advertising
NLY,Annaly Capital Management Inc,8,11185826640,n/a,n/a,Consumer Services,Real Estate Investment Trusts
ANH,Anworth Mortgage Asset  Corporation,2.15,213356548.6,n/a,n/a,Consumer Services,Real Estate Investment Trusts
AIV,Apartment Investment and Management Company,30.35,3648881437.6,n/a,1994,Consumer Services,Real Estate Investment Trusts
ARI,Apollo Commercial Real Estate Finance,10.78,1512399115.92,n/a,2009,Consumer Services,Real Estate Investment Trusts
AMEH,"Apollo Medical Holdings, Inc.",18.22,670311886.9,n/a,n/a,Consumer Services,Professional Services
APLE,"Apple Hospitality REIT, Inc.",13.26,2960507252.82,n/a,2015,Consumer Services,Real Estate Investment Trusts
APDN,"Applied DNA Sciences, Inc.",7.52,41065058.08,n/a,n/a,Consumer Services,Other Consumer Services
ARMK,Aramark,35,8859784430,n/a,2013,Consumer Services,Restaurants
ABR,Arbor Realty Trust,13.32,1643622585.48,n/a,2004,Consumer Services,Real Estate Investment Trusts
ARC,"ARC Document Solutions, Inc.",1.45,63601374.65,n/a,2004,Consumer Services,Professional Services
ARCE,Arco Platform Limited,43.75,2519320868.75,n/a,2018,Consumer Services,Other Consumer Services
ARCO,Arcos Dorados Holdings Inc.,4.93,1021819126.99,n/a,2011,Consumer Services,Restaurants
ACRE,Ares Commercial Real Estate Corporation,11.14,372543178.18,n/a,2012,Consumer Services,Real Estate Investment Trusts
ARKR,Ark Restaurants Corp.,14.39,50399636.73,n/a,n/a,Consumer Services,Restaurants
AAIC,Arlington Asset Investment Corp,3.21,107302875.27,n/a,n/a,Consumer Services,Real Estate Investment Trusts
AIC,Arlington Asset Investment Corp,24.1,0,n/a,2015,Consumer Services,Real Estate Investment Trusts
AIW,Arlington Asset Investment Corp,24.7,0,n/a,n/a,Consumer Services,Real Estate Investment Trusts
ARR,"ARMOUR Residential REIT, Inc.",10.58,684845039.9,n/a,n/a,Consumer Services,Real Estate Investment Trusts
AHT,Ashford Hospitality Trust Inc,2.65,140495071.2,n/a,2003,Consumer Services,Real Estate Investment Trusts
AINC,Ashford Inc.,6.49,16574953.78,n/a,2014,Consumer Services,Professional Services
ASPN,"Aspen Aerogels, Inc.",14.12,379375030.4,n/a,2014,Consumer Services,RETAIL: Building Materials
ASPU,Aspen Group Inc.,12.15,296888724.9,n/a,n/a,Consumer Services,Other Consumer Services
HOME,At Home Group Inc.,18.94,1217282095.72,n/a,2016,Consumer Services,Home Furnishings
AACG,ATA Creativity Global,1.22,14448023.24,11842642,n/a,Consumer Services,Other Consumer Services
ATIF,ATIF Holdings Limited,0.7638,35909808.0012,n/a,2019,Consumer Services,Professional Services
ATCX,"Atlas Technical Consultants, Inc.",5.15,52468730.45,n/a,2019,Consumer Services,Professional Services
ATCXW,"Atlas Technical Consultants, Inc.",1.01,0,n/a,2019,Consumer Services,Professional Services
AZO,"AutoZone, Inc.",1137.65,26365669008.1,n/a,n/a,Consumer Services,Other Specialty Stores
AVCO,Avalon GloboCare Corp.,1.26,102562442.64,n/a,n/a,Consumer Services,Professional Services
AVB,"AvalonBay Communities, Inc.",166.59,23257460477.97,n/a,n/a,Consumer Services,Real Estate Investment Trusts
CAR,"Avis Budget Group, Inc.",35.17,2450763806.37,n/a,n/a,Consumer Services,Rental/Leasing Companies
AYRO,"AYRO, Inc.",7.39,193976392.83,n/a,n/a,Consumer Services,Telecommunications Equipment
BALY,Bally&#39;s Corporation,44.43,1354051212.51,n/a,2019,Consumer Services,Hotels/Resorts
BZUN,Baozun Inc.,37.16,1767179213.48,47555953,2015,Consumer Services,Catalog/Specialty Distribution
MPV,Barings Participation Investors,12.24,129764808,n/a,1988,Consumer Services,Miscellaneous
BNED,"Barnes & Noble Education, Inc",3.63,176538214.71,n/a,2015,Consumer Services,Other Specialty Stores
BBQ,"BBQ Holdings, Inc. ",4.55,42242677.75,n/a,n/a,Consumer Services,Restaurants
BECN,"Beacon Roofing Supply, Inc.",36.39,2525120476.95,n/a,2004,Consumer Services,RETAIL: Building Materials
BBGI,"Beasley Broadcast Group, Inc.",1.51,44227850.17,n/a,2000,Consumer Services,Broadcasting
BBBY,Bed Bath & Beyond Inc.,20.96,2641132270.24,n/a,1992,Consumer Services,Home Furnishings
BBY,"Best Buy Co., Inc.",108.8,28160937158.4,n/a,n/a,Consumer Services,Consumer Electronics/Video Chains
BWMX,"Betterware de Mexico, S.A.B de C.V.",28.31,985280743.56,n/a,n/a,Consumer Services,Catalog/Specialty Distribution
BGFV,Big 5 Sporting Goods Corporation,9.53,208770546.04,n/a,2002,Consumer Services,Other Specialty Stores
BIG,"Big Lots, Inc.",51.67,2028411205.13,n/a,n/a,Consumer Services,Department/Specialty Retail Stores
BH,Biglari Holdings Inc.,112,347531520,n/a,2018,Consumer Services,Restaurants
BHTG,"BioHiTech Global, Inc.",1.45,33863488.5,n/a,n/a,Consumer Services,Other Consumer Services
BGI,Birks Group Inc.,0.8687,15611304.3247,n/a,n/a,Consumer Services,Consumer Specialties
BJRI,"BJ&#39;s Restaurants, Inc.",33.03,737124234.3,n/a,n/a,Consumer Services,Restaurants
BJ,"BJ&#39;s Wholesale Club Holdings, Inc.",40.99,5627124005.9,n/a,2018,Consumer Services,Department/Specialty Retail Stores
BLMN,"Bloomin&#39; Brands, Inc.",17.5,1532554012.5,n/a,2012,Consumer Services,Restaurants
APRN,"Blue Apron Holdings, Inc.",7.67,135650132.02,n/a,2017,Consumer Services,Catalog/Specialty Distribution
BRG,"Bluerock Residential Growth REIT, Inc.",10.2,243246366.6,n/a,2014,Consumer Services,Real Estate Investment Trusts
BMCH,"BMC Stock Holdings, Inc.",48.94,3292875534.2,n/a,2013,Consumer Services,RETAIL: Building Materials
WIFI,"Boingo Wireless, Inc.",14.15,630112008.6,n/a,2011,Consumer Services,Telecommunications Equipment
BCC,"Boise Cascade, L.L.C.",43.25,1695453024.5,n/a,2013,Consumer Services,RETAIL: Building Materials
BKNG,Booking Holdings Inc.,2028.45,83074991246.4,n/a,n/a,Consumer Services,Transportation Services
BOOT,"Boot Barn Holdings, Inc.",41.26,1191048335.26,n/a,2014,Consumer Services,Clothing/Shoe/Accessory Stores
BAH,Booz Allen Hamilton Holding Corporation,86.79,11968354018.5,n/a,2010,Consumer Services,Professional Services
BQ,Boqii Holding Limited,6.62,600784952.68,n/a,2020,Consumer Services,Other Specialty Stores
BXP,"Boston Properties, Inc.",98.16,15279540348.24,n/a,1997,Consumer Services,Real Estate Investment Trusts
BOXL,Boxlight Corporation,1.53,78283641.87,n/a,2017,Consumer Services,Other Consumer Services
BYD,Boyd Gaming Corporation,38.49,4293178564.47,n/a,1993,Consumer Services,Hotels/Resorts
BHR,Braemar Hotels & Resorts Inc.,4.09,150048721.61,n/a,2013,Consumer Services,Real Estate Investment Trusts
BDN,Brandywine Realty Trust,11.13,1898477089.32,n/a,n/a,Consumer Services,Real Estate Investment Trusts
BEDU,Bright Scholar Education Holdings Limited,6.46,778747418.56,n/a,2017,Consumer Services,Other Consumer Services
EAT,"Brinker International, Inc.",50.11,2269454088.95,n/a,n/a,Consumer Services,Restaurants
BRX,Brixmor Property Group Inc.,15.27,4527283361.97,n/a,2013,Consumer Services,Real Estate Investment Trusts
BRMK,Broadmark Realty Capital Inc.,10.15,1342198516.05,n/a,2019,Consumer Services,Real Estate Investment Trusts
BNL,"Broadstone Net Lease, Inc.",17.63,2552585148.76,n/a,2020,Consumer Services,Real Estate Investment Trusts
BAM,Brookfield Asset Management Inc,40.49,61125150059.86,n/a,n/a,Consumer Services,Building operators
BAMH,Brookfield Finance Inc.,25.36,0,n/a,2020,Consumer Services,Building operators
BAMI,Brookfield Finance Inc.,25.06,0,n/a,2020,Consumer Services,Building operators
BIP,Brookfield Infrastructure Partners LP,49.81,14711849920.84,n/a,n/a,Consumer Services,Marine Transportation
BPYU,Brookfield Property REIT Inc.,15.67,613158591.19,n/a,n/a,Consumer Services,Real Estate Investment Trusts
BPYUP,Brookfield Property REIT Inc.,22.28,0,n/a,n/a,Consumer Services,Real Estate Investment Trusts
BRT,BRT Apartments Corp.,13.06,224323797.06,n/a,n/a,Consumer Services,Real Estate Investment Trusts
BKE,"Buckle, Inc. (The)",26.82,1325115345.42,n/a,n/a,Consumer Services,Clothing/Shoe/Accessory Stores
BBW,"Build-A-Bear Workshop, Inc.",4.09,63769451.77,n/a,2004,Consumer Services,Recreational Products/Toys
BLDR,"Builders FirstSource, Inc.",37.41,4370280680.49,n/a,2005,Consumer Services,RETAIL: Building Materials
BURL,"Burlington Stores, Inc.",218.54,14476122818.08,n/a,2013,Consumer Services,Department/Specialty Retail Stores
CABO,"Cable One, Inc.",1980.67,11932875206.22,n/a,2015,Consumer Services,Television Services
CZR,"Caesars Entertainment, Inc.",68.12,14187838640.56,n/a,n/a,Consumer Services,Hotels/Resorts
CALX,"Calix, Inc",23.68,1462783361.28,n/a,2010,Consumer Services,Telecommunications Equipment
CPT,Camden Property Trust,98.83,9625603095.97,n/a,1993,Consumer Services,Real Estate Investment Trusts
CNNE,"Cannae Holdings, Inc.",39.42,3613089177.9,n/a,2017,Consumer Services,Restaurants
CPHC,Canterbury Park Holding Corporation,11.89,56106829.25,n/a,n/a,Consumer Services,Services-Misc. Amusement & Recreation
BXMT,"Capital Trust, Inc.",25.98,3798217311.18,n/a,n/a,Consumer Services,Real Estate Investment Trusts
CMO,Capstead Mortgage Corporation,5.63,543186616.87,n/a,n/a,Consumer Services,Real Estate Investment Trusts
CTRE,"CareTrust REIT, Inc.",19.43,1860146127.68,n/a,n/a,Consumer Services,Real Estate Investment Trusts
CCL,Carnival Corporation,19.98,22058216103.6,n/a,1987,Consumer Services,Marine Transportation
CUK,Carnival Corporation,17.67,15596820601.2,n/a,n/a,Consumer Services,Marine Transportation
PRTS,"CarParts.com, Inc.",15.07,713120929.62,n/a,2007,Consumer Services,Other Specialty Stores
CSV,"Carriage Services, Inc.",27.21,488959019.88,n/a,n/a,Consumer Services,Other Consumer Services
TAST,"Carrols Restaurant Group, Inc.",6.8,354222431.2,n/a,2006,Consumer Services,Restaurants
CTT,"CatchMark Timber Trust, Inc.",9.59,467661116.23,n/a,2013,Consumer Services,Real Estate Investment Trusts
CATO,Cato Corporation (The),8.06,184848596.14,n/a,n/a,Consumer Services,Clothing/Shoe/Accessory Stores
CDW,CDW Corporation,130.49,18658531653.39,n/a,2013,Consumer Services,Catalog/Specialty Distribution
FUN,"Cedar Fair, L.P.",38.03,2156542034.14,n/a,1987,Consumer Services,Services-Misc. Amusement & Recreation
CDR,"Cedar Realty Trust, Inc.",7.94,107441078.68,n/a,n/a,Consumer Services,Real Estate Investment Trusts
CNTY,"Century Casinos, Inc.",5.91,174793935.42,n/a,n/a,Consumer Services,Hotels/Resorts
GIB,CGI Inc.,73.8,19108793781,n/a,n/a,Consumer Services,Professional Services
CHTR,"Charter Communications, Inc.",651.99,133592214412.23,n/a,n/a,Consumer Services,Television Services
CLDT,Chatham Lodging Trust (REIT),11.01,517166168.04,n/a,2010,Consumer Services,Real Estate Investment Trusts
CHGG,"Chegg, Inc.",77.93,10038232501.84,n/a,2013,Consumer Services,Other Consumer Services
CHMI,Cherry Hill Mortgage Investment Corporation,9.06,154716333.48,n/a,2013,Consumer Services,Real Estate Investment Trusts
CHWY,"Chewy, Inc.",77.58,32001349066.56,n/a,2019,Consumer Services,Catalog/Specialty Distribution
CSSE,"Chicken Soup for the Soul Entertainment, Inc.",17.2,217561045.6,n/a,2017,Consumer Services,Movies/Entertainment
CSSEN,"Chicken Soup for the Soul Entertainment, Inc.",25.396,0,n/a,n/a,Consumer Services,Movies/Entertainment
CSSEP,"Chicken Soup for the Soul Entertainment, Inc.",22.98,0,n/a,n/a,Consumer Services,Movies/Entertainment
CHS,"Chico&#39;s FAS, Inc.",1.51,181074632.25,n/a,n/a,Consumer Services,Clothing/Shoe/Accessory Stores
PLCE,"Children&#39;s Place, Inc. (The)",42.98,626952612.44,n/a,1997,Consumer Services,Clothing/Shoe/Accessory Stores
CIM,Chimera Investment Corporation,10.26,2398076253.54,n/a,2007,Consumer Services,Real Estate Investment Trusts
DL,China Distance Education Holdings Limited,8.72,294998541.76,n/a,n/a,Consumer Services,Other Consumer Services
CLEU,China Liberal Education Holdings Limited,5.69,36036664.77,n/a,2020,Consumer Services,Other Consumer Services
COE,China Online Education Group,26.24,561730438.4,n/a,2016,Consumer Services,Other Consumer Services
CMG,"Chipotle Mexican Grill, Inc.",1289.43,36078701411.07,n/a,2006,Consumer Services,Restaurants
CHH,"Choice Hotels International, Inc.",99.65,5526397871.3,n/a,n/a,Consumer Services,Hotels/Resorts
CHSCL,CHS Inc,28.86,0,n/a,n/a,Consumer Services,Farming/Seeds/Milling
CHSCM,CHS Inc,26.99,0,n/a,n/a,Consumer Services,Farming/Seeds/Milling
CHSCN,CHS Inc,27.79,0,n/a,n/a,Consumer Services,Farming/Seeds/Milling
CHSCO,CHS Inc,28.7,0,n/a,n/a,Consumer Services,Farming/Seeds/Milling
CHSCP,CHS Inc,29.66,0,n/a,n/a,Consumer Services,Farming/Seeds/Milling
CHDN,"Churchill Downs, Incorporated",179.92,7098784082,n/a,n/a,Consumer Services,Services-Misc. Amusement & Recreation
CHUY,"Chuy&#39;s Holdings, Inc.",23.7,466759934.4,n/a,2012,Consumer Services,Restaurants
CMCT,CIM Commercial Trust Corporation,12.17,180449579.7,n/a,n/a,Consumer Services,Real Estate Investment Trusts
CMCTP,CIM Commercial Trust Corporation,24.15,0,n/a,n/a,Consumer Services,Real Estate Investment Trusts
CIDM,Cinedigm Corp,0.538,69850527.91,n/a,n/a,Consumer Services,Consumer Electronics/Video Chains
CNK,Cinemark Holdings Inc,15.45,1825547789.85,n/a,2007,Consumer Services,Movies/Entertainment
CTRN,"Citi Trends, Inc.",33.89,360391750.18,n/a,2005,Consumer Services,Clothing/Shoe/Accessory Stores
CIO,"City Office REIT, Inc.",8.77,380592716.09,n/a,2014,Consumer Services,Real Estate Investment Trusts
CVEO,Civeo Corporation,15.95,226731945.55,n/a,2014,Consumer Services,Hotels/Resorts
CCO,"Clear Channel Outdoor Holdings, Inc.",1.51,705586672.42,n/a,2005,Consumer Services,Advertising
CLPR,Clipper Realty Inc.,6.35,101981000,n/a,2017,Consumer Services,Real Estate Investment Trusts
CCOI,"Cogent Communications Holdings, Inc.",58.14,2747191744.8,n/a,n/a,Consumer Services,Telecommunications Equipment
CLNY,"Colony Capital, Inc.",4.32,2083803300,n/a,2014,Consumer Services,Real Estate Investment Trusts
CLNC,"Colony Credit Real Estate, Inc.",7.26,933512325.9,n/a,2018,Consumer Services,Real Estate Investment Trusts
CXP,"Columbia Property Trust, Inc.",13.98,1600220783.88,n/a,2013,Consumer Services,Real Estate Investment Trusts
CCZ,Comcast Corporation,61.99,0,n/a,n/a,Consumer Services,Television Services
CMCSA,Comcast Corporation,50.24,229864235307.2,n/a,n/a,Consumer Services,Television Services
CHCT,Community Healthcare Trust Incorporated,45.16,1058098709.68,n/a,2015,Consumer Services,Real Estate Investment Trusts
CBD,Companhia Brasileira de Distribuicao,12.73,3413072214.11,n/a,2020,Consumer Services,Food Chains
CDOR,"Condor Hospitality Trust, Inc.",3.15,37849410.9,n/a,n/a,Consumer Services,Real Estate Investment Trusts
CONN,"Conn&#39;s, Inc.",11.085,322956420.24,n/a,2003,Consumer Services,Consumer Electronics/Video Chains
TCS,Container Store (The),9.3,470162411.4,n/a,2013,Consumer Services,Home Furnishings
CXW,"CoreCivic, Inc.",7.09,848206591.44,n/a,n/a,Consumer Services,Real Estate Investment Trusts
CORR,"CorEnergy Infrastructure Trust, Inc.",5.95,81226549.95,n/a,n/a,Consumer Services,Real Estate Investment Trusts
CPLG,CorePoint Lodging Inc.,6.51,378628337.85,n/a,2018,Consumer Services,Real Estate Investment Trusts
COR,CoreSite Realty Corporation,125.39,5362500839.25,n/a,2010,Consumer Services,Real Estate Investment Trusts
OFC,Corporate Office Properties Trust,26.63,2987226854.24,n/a,n/a,Consumer Services,Real Estate Investment Trusts
COST,Costco Wholesale Corporation,391.77,172859904137.79,n/a,n/a,Consumer Services,Department/Specialty Retail Stores
CUZ,Cousins Properties Incorporated,33.41,4963535133.96,n/a,n/a,Consumer Services,Real Estate Investment Trusts
CBRL,"Cracker Barrel Old Country Store, Inc.",139.58,3307682533.68,n/a,1981,Consumer Services,Restaurants
CRTD,Creatd Inc.,3.14,27171660.3,n/a,n/a,Consumer Services,Movies/Entertainment
CRTDW,Creatd Inc.,0.758,0,n/a,n/a,Consumer Services,Movies/Entertainment
CRSA,Crescent Acquisition Corp,10.22,319375000,n/a,2019,Consumer Services,Services-Misc. Amusement & Recreation
CRSAU,Crescent Acquisition Corp,10.8,0,n/a,2019,Consumer Services,Services-Misc. Amusement & Recreation
CRSAW,Crescent Acquisition Corp,0.99,0,n/a,2019,Consumer Services,Services-Misc. Amusement & Recreation
CUBE,CubeSmart,32.53,6352017390.79,n/a,n/a,Consumer Services,Real Estate Investment Trusts
CMLS,Cumulus Media Inc.,8.77,178443172.46,n/a,n/a,Consumer Services,Broadcasting
CURI,CuriosityStream Inc. ,9.79,415200194.97,n/a,2020,Consumer Services,Movies/Entertainment
CURIW,CuriosityStream Inc. ,1.245,0,n/a,2020,Consumer Services,Movies/Entertainment
CONE,CyrusOne Inc,69.91,8418740889.96,n/a,2013,Consumer Services,Real Estate Investment Trusts
DJCO,Daily Journal Corp. (S.C.),270,372801420,n/a,n/a,Consumer Services,Newspapers/Magazines
DRI,"Darden Restaurants, Inc.",107.98,14058988981.3,n/a,n/a,Consumer Services,Restaurants
DSKE,"Daseke, Inc.",6.75,438906424.5,n/a,2015,Consumer Services,Transportation Services
DSKEW,"Daseke, Inc.",0.27,0,n/a,2015,Consumer Services,Transportation Services
PLAY,"Dave & Buster&#39;s Entertainment, Inc.",25.32,1205103171.84,n/a,2014,Consumer Services,Restaurants
TACO,"Del Taco Restaurants, Inc.",8.85,330322648.05,n/a,2014,Consumer Services,Restaurants
DENN,Denny&#39;s Corporation,11.51,733971061.2,n/a,n/a,Consumer Services,Restaurants
DBI,Designer Brands Inc.,7.9,571358944.3,n/a,n/a,Consumer Services,Clothing/Shoe/Accessory Stores
DESP,"Despegar.com, Corp.",11.04,772208686.56,n/a,2017,Consumer Services,Transportation Services
DXLG,"Destination XL Group, Inc.",0.3503,18173574.509,n/a,n/a,Consumer Services,Clothing/Shoe/Accessory Stores
DSSI,Diamond S Shipping Inc.,6.88,278231279.84,n/a,2019,Consumer Services,Transportation Services
DRH,Diamondrock Hospitality Company,7.52,1500381977.6,n/a,2005,Consumer Services,Real Estate Investment Trusts
DKS,Dick&#39;s Sporting Goods Inc,56.81,5090100726.75,n/a,2002,Consumer Services,Other Specialty Stores
DLR,"Digital Realty Trust, Inc.",134.75,37752258409.25,n/a,2004,Consumer Services,Real Estate Investment Trusts
DDS,"Dillard&#39;s, Inc.",46.76,1028720000,n/a,n/a,Consumer Services,Department/Specialty Retail Stores
DDT,"Dillard&#39;s, Inc.",24.99,0,n/a,n/a,Consumer Services,Department/Specialty Retail Stores
DIN,"Dine Brands Global, Inc.",62.97,1033888624.53,n/a,n/a,Consumer Services,Restaurants
DISCA,"Discovery, Inc.",26.91,13212904642.47,n/a,n/a,Consumer Services,Television Services
DISCB,"Discovery, Inc.",32.25,15834863423.25,n/a,n/a,Consumer Services,Television Services
DISCK,"Discovery, Inc.",24.02,11793904478.34,n/a,n/a,Consumer Services,Television Services
DISH,DISH Network Corporation,35.87,18866398949.33,n/a,1995,Consumer Services,Television Services
DHC,Diversified Healthcare Trust ,4.41,1050763987.98,n/a,n/a,Consumer Services,Real Estate Investment Trusts
DHCNI,Diversified Healthcare Trust ,21.87,0,n/a,n/a,Consumer Services,Real Estate Investment Trusts
DHCNL,Diversified Healthcare Trust ,22.65,0,n/a,n/a,Consumer Services,Real Estate Investment Trusts
DMYT,"dMY Technology Group, Inc.",15.99,459712500,n/a,2020,Consumer Services,Services-Misc. Amusement & Recreation
DG,Dollar General Corporation,218.58,54433785708.84,n/a,2009,Consumer Services,Department/Specialty Retail Stores
DLTR,"Dollar Tree, Inc.",109.24,25692390684.48,n/a,1995,Consumer Services,Department/Specialty Retail Stores
DLPN,"Dolphin Entertainment, Inc.",3.26,21386714.92,n/a,n/a,Consumer Services,Other Consumer Services
DLPNW,"Dolphin Entertainment, Inc.",0.0356,0,n/a,n/a,Consumer Services,Other Consumer Services
DFIN,"Donnelley Financial Solutions, Inc.",16.29,543684777.3,n/a,2016,Consumer Services,Other Consumer Services
DEI,"Douglas Emmett, Inc.",30.97,5431360219.42,n/a,2006,Consumer Services,Real Estate Investment Trusts
DVD,"Dover Motorsports, Inc.",1.8727,68114559.7714,n/a,1996,Consumer Services,Services-Misc. Amusement & Recreation
DKNG,DraftKings Inc.,52.36,20510135929.36,n/a,2019,Consumer Services,Services-Misc. Amusement & Recreation
DS,Drive Shack Inc.,1.7,114287504.8,n/a,n/a,Consumer Services,Restaurants
DRE,Duke Realty Corporation,38.06,14156461568.26,n/a,n/a,Consumer Services,Real Estate Investment Trusts
DLTH,Duluth Holdings Inc.,14.7,482404740.3,n/a,2015,Consumer Services,Clothing/Shoe/Accessory Stores
DNKN,"Dunkin&#39; Brands Group, Inc.",106.34,8764231861.84,n/a,2011,Consumer Services,Restaurants
DLNG,Dynagas LNG Partners LP,2.49,88675324.2,n/a,n/a,Consumer Services,Marine Transportation
DX,"Dynex Capital, Inc.",17.61,407576511.66,n/a,n/a,Consumer Services,Real Estate Investment Trusts
SSP,E.W. Scripps Company (The),12.76,1041211342.6,n/a,n/a,Consumer Services,Broadcasting
DEA,"Easterly Government Properties, Inc.",21.66,1759471365.9,n/a,2015,Consumer Services,Real Estate Investment Trusts
EGP,"EastGroup Properties, Inc.",136.33,5392796266.9,n/a,n/a,Consumer Services,Real Estate Investment Trusts
MOHO,ECMOHO Limited,2.66,28120948.1,10571785,2019,Consumer Services,Catalog/Specialty Distribution
LOCO,"El Pollo Loco Holdings, Inc.",15.67,571120353.12,n/a,2014,Consumer Services,Restaurants
EARN,Ellington Residential Mortgage REIT,12.2,150482559.2,n/a,2013,Consumer Services,Real Estate Investment Trusts
ESRT,"Empire State Realty Trust, Inc.",9.05,2600472684.4,n/a,2013,Consumer Services,Real Estate Investment Trusts
ENG,ENGlobal Corporation,2.08,57326226.88,n/a,n/a,Consumer Services,Military/Government/Technical
EBF,"Ennis, Inc.",16.37,427157568.62,n/a,n/a,Consumer Services,Office Equipment/Supplies/Services
ETM,Entercom Communications Corp.,2.43,335303967.96,n/a,1999,Consumer Services,Broadcasting
EVC,Entravision Communications Corporation,2.9,244138611.2,n/a,2000,Consumer Services,Broadcasting
ELA,Envela Corporation,4.62,124390640.22,n/a,n/a,Consumer Services,Consumer Specialties
EPR,EPR Properties,36.02,2687640584.6,n/a,1997,Consumer Services,Real Estate Investment Trusts
EQIX,"Equinix, Inc.",697.79,62174289896.59,n/a,2000,Consumer Services,Real Estate Investment Trusts
EQC,Equity Commonwealth,26.51,3221614760.1,n/a,n/a,Consumer Services,Real Estate Investment Trusts
ELS,"Equity Lifestyle Properties, Inc.",58.59,10676545348.77,n/a,n/a,Consumer Services,Real Estate Investment Trusts
EQR,Equity Residential,57.92,21560908182.08,n/a,n/a,Consumer Services,Real Estate Investment Trusts
ESGC,Eros STX Global Corporation,2.13,440948895.93,n/a,2013,Consumer Services,Movies/Entertainment
GMBL,Esports Entertainment Group Inc.,4.33,55837133.96,n/a,n/a,Consumer Services,Services-Misc. Amusement & Recreation
GMBLW,Esports Entertainment Group Inc.,3,0,n/a,n/a,Consumer Services,Services-Misc. Amusement & Recreation
EPRT,"Essential Properties Realty Trust, Inc.",20.54,2149954068.34,n/a,2018,Consumer Services,Real Estate Investment Trusts
ESS,"Essex Property Trust, Inc.",245.88,16032512949.12,n/a,1994,Consumer Services,Real Estate Investment Trusts
EDRY,EuroDry Ltd.,5,11523150,n/a,n/a,Consumer Services,Marine Transportation
EVRI,Everi Holdings Inc.,10.64,914276601.28,n/a,n/a,Consumer Services,Services-Misc. Amusement & Recreation
EVI,"EVI Industries, Inc.",33.84,446986841.04,n/a,n/a,Consumer Services,Other Consumer Services
EVH,"Evolent Health, Inc",14.53,1246365077.67,n/a,2015,Consumer Services,Other Consumer Services
XAN,Exantas Capital Corp.,3.48,111684771,n/a,n/a,Consumer Services,Real Estate Investment Trusts
EXPE,"Expedia Group, Inc.",124.49,17610533420.7,n/a,n/a,Consumer Services,Transportation Services
EXPO,"Exponent, Inc.",83.01,4285766372.19,n/a,n/a,Consumer Services,Professional Services
EXPR,"Express, Inc.",1.52,98553360.24,n/a,2010,Consumer Services,Clothing/Shoe/Accessory Stores
STAY,"Extended Stay America, Inc.",13.71,2434356305.85,n/a,n/a,Consumer Services,Hotels/Resorts
EXR,Extra Space Storage Inc,112.73,14568698638.17,n/a,2004,Consumer Services,Real Estate Investment Trusts
EZPW,"EZCORP, Inc.",5.09,280294903.49,n/a,1991,Consumer Services,Other Specialty Stores
FPI,Farmland Partners Inc.,7.98,234223142.58,n/a,2014,Consumer Services,Real Estate Investment Trusts
FAST,Fastenal Company,49.45,28386935338.85,n/a,1987,Consumer Services,RETAIL: Building Materials
FAT,FAT Brands Inc.,6.0902,72633333.0128,n/a,2017,Consumer Services,Restaurants
FATBP,FAT Brands Inc.,17.65,0,n/a,n/a,Consumer Services,Restaurants
FATBW,FAT Brands Inc.,1.75,0,n/a,n/a,Consumer Services,Restaurants
FRT,Federal Realty Investment Trust,87.22,6597943725.24,n/a,n/a,Consumer Services,Real Estate Investment Trusts
FRGI,"Fiesta Restaurant Group, Inc.",11.75,304569729,n/a,n/a,Consumer Services,Restaurants
FR,"First Industrial Realty Trust, Inc.",41.88,5404627066.56,n/a,1994,Consumer Services,Real Estate Investment Trusts
FCFS,"FirstCash, Inc.",64.24,2662137591.52,n/a,1991,Consumer Services,Other Specialty Stores
FIVE,"Five Below, Inc.",156.4,8733625927.2,n/a,2012,Consumer Services,Department/Specialty Retail Stores
BDL,"Flanigan&#39;s Enterprises, Inc.",16.75,31132337.25,n/a,n/a,Consumer Services,Restaurants
FLNG,FLEX LNG Ltd.,7.91,427762390.44,n/a,2019,Consumer Services,Marine Transportation
FND,"Floor & Decor Holdings, Inc.",80.09,8329134306.38,n/a,2017,Consumer Services,RETAIL: Building Materials
FLNT,"Fluent, Inc.",3.44,262591828.96,n/a,n/a,Consumer Services,Advertising
FL,"Foot Locker, Inc.",37.4,3904233311,n/a,n/a,Consumer Services,Clothing/Shoe/Accessory Stores
FORR,"Forrester Research, Inc.",41.4,785109600,n/a,1996,Consumer Services,Diversified Commercial Services
FBM,"Foundation Building Materials, Inc.",19.24,831304988.8,n/a,2017,Consumer Services,RETAIL: Building Materials
FCPT,"Four Corners Property Trust, Inc.",28.01,2057197839.21,n/a,2015,Consumer Services,Real Estate Investment Trusts
FEDU,Four Seasons Education (Cayman) Inc.,0.9499,44058632.261,n/a,2017,Consumer Services,Other Consumer Services
FOX,Fox Corporation,28.38,16896688322.58,n/a,n/a,Consumer Services,Broadcasting
FOXA,Fox Corporation,28.84,17170559944.44,n/a,n/a,Consumer Services,Broadcasting
FRAN,Francesca&#39;s Holdings Corporation,3.06,9280487.34,n/a,2011,Consumer Services,Clothing/Shoe/Accessory Stores
FC,Franklin Covey Company,21.97,308138323.61,n/a,n/a,Consumer Services,Other Consumer Services
FSP,Franklin Street Properties Corp.,4.64,498002843.36,n/a,n/a,Consumer Services,Real Estate Investment Trusts
FCN,"FTI Consulting, Inc.",105.02,3745192679.18,n/a,n/a,Consumer Services,Professional Services
FUBO,fuboTV Inc.,27.7,1871490224.8,n/a,2020,Consumer Services,Movies/Entertainment
FLL,"Full House Resorts, Inc.",3.49,94598990.72,n/a,n/a,Consumer Services,Hotels/Resorts
GAIA,"Gaia, Inc.",9.97,191254021.47,n/a,1999,Consumer Services,Movies/Entertainment
GME,Gamestop Corporation,16.56,1079076261.6,n/a,2002,Consumer Services,Electronics Distribution
GLPI,"Gaming and Leisure Properties, Inc.",41.54,9500436231.9,n/a,n/a,Consumer Services,Real Estate Investment Trusts
GCI,"Gannett Co., Inc.",2.84,391804304.08,n/a,2014,Consumer Services,Newspapers/Magazines
GPS,"Gap, Inc. (The)",20.96,7830510768.16,n/a,n/a,Consumer Services,Clothing/Shoe/Accessory Stores
IT,"Gartner, Inc.",152,13571604696,n/a,1993,Consumer Services,Other Consumer Services
GLOG,GasLog LP.,2.95,280751443.95,n/a,2012,Consumer Services,Marine Transportation
GLOP,GasLog Partners LP,2.63,133115240.8,n/a,2014,Consumer Services,Marine Transportation
GATX,GATX Corporation,79.76,2791600000,n/a,n/a,Consumer Services,Transportation Services
GMTA,GATX Corporation,25.7,0,n/a,2016,Consumer Services,Transportation Services
GCO,Genesco Inc.,31.37,470354094.35,n/a,n/a,Consumer Services,Clothing/Shoe/Accessory Stores
GNUS,"Genius Brands International, Inc.",1.39,304451558.22,n/a,n/a,Consumer Services,Movies/Entertainment
G,Genpact Limited,40.65,7696983354.6,n/a,2007,Consumer Services,Professional Services
GEO,Geo Group Inc (The),9.45,1146430747.35,n/a,n/a,Consumer Services,Real Estate Investment Trusts
GOOD,Gladstone Commercial Corporation,18.09,633659088.78,n/a,2003,Consumer Services,Real Estate
GOODM,Gladstone Commercial Corporation,25.8,0,n/a,n/a,Consumer Services,Real Estate
GOODN,Gladstone Commercial Corporation,25.95,0,n/a,n/a,Consumer Services,Real Estate
LAND,Gladstone Land Corporation,14.55,350690007.3,n/a,2013,Consumer Services,Real Estate Investment Trusts
LANDO,Gladstone Land Corporation,24.82,0,n/a,n/a,Consumer Services,Real Estate Investment Trusts
LANDP,Gladstone Land Corporation,26.09,0,n/a,n/a,Consumer Services,Real Estate Investment Trusts
GMRE,Global Medical REIT Inc.,13.69,659698196.63,n/a,2016,Consumer Services,Real Estate Investment Trusts
GNL,"Global Net Lease, Inc.",16.69,1493464026.54,n/a,2015,Consumer Services,Real Estate Investment Trusts
SELF,"Global Self Storage, Inc.",3.98,37237683.96,n/a,n/a,Consumer Services,Real Estate Investment Trusts
GSAT,"Globalstar, Inc.",0.3223,538371620.1325,n/a,2006,Consumer Services,Telecommunications Equipment
GMS,GMS Inc.,31.23,1334632850.46,n/a,2016,Consumer Services,RETAIL: Building Materials
GOGO,Gogo Inc.,10.54,898533313.6,n/a,2013,Consumer Services,Telecommunications Equipment
GLNG,Golar LNG Limited,9.1,889980000,n/a,n/a,Consumer Services,Marine Transportation
GMLP,Golar LNG Partners LP,2.77,191965531.72,n/a,2011,Consumer Services,Marine Transportation
GMLPP,Golar LNG Partners LP,21.94,0,n/a,n/a,Consumer Services,Marine Transportation
GDEN,"Golden Entertainment, Inc.",16.65,469205674.65,n/a,n/a,Consumer Services,Services-Misc. Amusement & Recreation
GOGL,Golden Ocean Group Limited,4.26,610362989.22,n/a,n/a,Consumer Services,Marine Transportation
GTIM,Good Times Restaurants Inc.,1.65,20790836.55,n/a,n/a,Consumer Services,Restaurants
GPX,GP Strategies Corporation,11.5,197361551,n/a,n/a,Consumer Services,Other Consumer Services
GHC,Graham Holdings Company,447.02,2237993560.46,n/a,n/a,Consumer Services,Other Consumer Services
LOPE,"Grand Canyon Education, Inc.",83.47,3911158631.26,n/a,2008,Consumer Services,Other Consumer Services
GPMT,Granite Point Mortgage Trust Inc.,9.26,511199059.32,n/a,2017,Consumer Services,Real Estate Investment Trusts
GTN,"Gray Television, Inc.",17.66,1698202747.86,n/a,n/a,Consumer Services,Broadcasting
AJX,Great Ajax Corp.,9.92,228501674.56,n/a,2015,Consumer Services,Real Estate Investment Trusts
AJXA,Great Ajax Corp.,24.71,0,n/a,2017,Consumer Services,Real Estate Investment Trusts
GHG,GreenTree Hospitality Group Ltd.,11.88,1213885985.4,n/a,2018,Consumer Services,Hotels/Resorts
GO,Grocery Outlet Holding Corp.,38.62,3636112199.3,n/a,2019,Consumer Services,Food Chains
GRWG,GrowGeneration Corp.,35.17,1722630503.87,n/a,n/a,Consumer Services,RETAIL: Building Materials
TV,Grupo Televisa S.A.,8.02,4523290963.34,n/a,1993,Consumer Services,Broadcasting
GSX,GSX Techedu Inc.,64.29,15329309978.73,n/a,2019,Consumer Services,Other Consumer Services
GYRO,"Gyrodyne , LLC",17,25205560,n/a,n/a,Consumer Services,Building operators
HRB,"H&R Block, Inc.",18.8,3626491254.8,n/a,n/a,Consumer Services,Other Consumer Services
HLG,Hailiang Education Group Inc.,65.6453,194680393.1373,2965641,2015,Consumer Services,Other Consumer Services
HOFV,Hall of Fame Resort &amp; Entertainment Company,1.46,73874424.66,n/a,n/a,Consumer Services,Services-Misc. Amusement & Recreation
HOFVW,Hall of Fame Resort &amp; Entertainment Company,0.2999,0,n/a,n/a,Consumer Services,Services-Misc. Amusement & Recreation
HBI,Hanesbrands Inc.,14.2,4946202106.4,n/a,n/a,Consumer Services,Clothing/Shoe/Accessory Stores
HASI,"Hannon Armstrong Sustainable Infrastructure Capital, Inc.",54.66,4120103431.08,n/a,2013,Consumer Services,Real Estate Investment Trusts
HSC,Harsco Corporation,16.95,1337627996.7,n/a,n/a,Consumer Services,Diversified Commercial Services
HVT,"Haverty Furniture Companies, Inc.",27.22,495721357.98,n/a,n/a,Consumer Services,Other Specialty Stores
HDS,"HD Supply Holdings, Inc.",55.78,8679253762.56,n/a,2013,Consumer Services,Office Equipment/Supplies/Services
HR,Healthcare Realty Trust Incorporated,29.5,4013593708,n/a,1993,Consumer Services,Real Estate Investment Trusts
HTA,"Healthcare Trust of America, Inc.",26.03,5689475779.73,n/a,n/a,Consumer Services,Real Estate Investment Trusts
HTIA,"Healthcare Trust, Inc.",22.38,0,n/a,n/a,Consumer Services,Real Estate Investment Trusts
PEAK,"Healthpeak Properties, Inc.",28.86,15537087089.16,n/a,n/a,Consumer Services,Real Estate Investment Trusts
HMTV,"Hemisphere Media Group, Inc.",10.76,429986321.04,n/a,n/a,Consumer Services,Television Services
HT,Hersha Hospitality Trust,8.1,314632204.2,n/a,1999,Consumer Services,Real Estate Investment Trusts
HIBB,"Hibbett Sports, Inc.",41.16,680935810.8,n/a,1996,Consumer Services,Other Specialty Stores
HIW,"Highwoods Properties, Inc.",38.3,3979685170.7,n/a,1994,Consumer Services,Real Estate Investment Trusts
HIL,"Hill International, Inc.",1.89,106270776.36,n/a,2018,Consumer Services,Military/Government/Technical
HGV,Hilton Grand Vacations Inc.,27.74,2360853838.42,n/a,2016,Consumer Services,Hotels/Resorts
HLT,Hilton Worldwide Holdings Inc.,103.63,28751761001.67,n/a,2016,Consumer Services,Hotels/Resorts
HMG,"HMG/Courtland Properties, Inc.",10.7974,10875659.5552,n/a,n/a,Consumer Services,Real Estate Investment Trusts
HMLP,Hoegh LNG Partners LP,13.32,443528427.6,n/a,2014,Consumer Services,Marine Transportation
HD,"Home Depot, Inc. (The)",277.41,298659822657.21,n/a,n/a,Consumer Services,RETAIL: Building Materials
HST,Host Hotels ,14.03,9895785974.99,n/a,n/a,Consumer Services,Real Estate Investment Trusts
HMHC,Houghton Mifflin Harcourt Company,3.01,378808843.14,n/a,2013,Consumer Services,Books
HHC,Howard Hughes Corporation (The),72.73,3994535316.73,n/a,n/a,Consumer Services,Real Estate Investment Trusts
HTHT,Huazhu Group Limited,49.78,7457648229.64,149812138,2010,Consumer Services,Hotels/Resorts
HUSN,Hudson Capital Inc.,2.42,15502873.32,n/a,2017,Consumer Services,Professional Services
HCFT,"Hunt Companies Finance Trust, Inc.",2.97,74081847.51,n/a,2013,Consumer Services,Real Estate Investment Trusts
HURN,Huron Consulting Group Inc.,44.07,1007935679.01,n/a,2004,Consumer Services,Professional Services
HBP,"Huttig Building Products, Inc.",3.7,99490006.7,n/a,n/a,Consumer Services,RETAIL: Building Materials
H,Hyatt Hotels Corporation,71.97,7281635928.33,n/a,2009,Consumer Services,Hotels/Resorts
HYRE,HyreCar Inc.,7.09,125681601.09,n/a,2018,Consumer Services,Rental/Leasing Companies
IAC,IAC/InterActiveCorp,141.99,12117303068.7,n/a,n/a,Consumer Services,Other Consumer Services
ICFI,"ICF International, Inc.",72.43,1366251870.38,n/a,2006,Consumer Services,Professional Services
IFMK,iFresh Inc.,0.82,24788914.06,n/a,n/a,Consumer Services,Food Chains
IHRT,"iHeartMedia, Inc.",11.955,841829066.22,n/a,n/a,Consumer Services,Broadcasting
IH,iHuman Inc.,28,1463685328,n/a,2020,Consumer Services,Other Consumer Services
IMBI,"iMedia Brands, Inc.",5.9,76798294,n/a,n/a,Consumer Services,Catalog/Specialty Distribution
IMH,"Impac Mortgage Holdings, Inc.",1.86,39487534.02,n/a,1997,Consumer Services,Real Estate Investment Trusts
IOR,"Income Opportunity Realty Investors, Inc.",11.7708,49063213.3512,n/a,n/a,Consumer Services,Real Estate Investment Trusts
IRT,"Independence Realty Trust, Inc.",12.88,1221539869.76,n/a,2013,Consumer Services,Real Estate Investment Trusts
ILPT,Industrial Logistics Properties Trust,21.73,1418992642.24,n/a,2018,Consumer Services,Real Estate Investment Trusts
III,"Information Services Group, Inc.",3.02,145203007.32,n/a,n/a,Consumer Services,Professional Services
IMKTA,"Ingles Markets, Incorporated",37.59,761564979.84,n/a,1987,Consumer Services,Food Chains
IHT,InnSuites Hospitality Trust,2.19,20027567.52,n/a,n/a,Consumer Services,Real Estate Investment Trusts
NSIT,"Insight Enterprises, Inc.",71.48,2508789671.8,n/a,1995,Consumer Services,Catalog/Specialty Distribution
ISIG,"Insignia Systems, Inc.",1.0499,12845673.486,n/a,1991,Consumer Services,Advertising
IHG,Intercontinental Hotels Group,61.91,11308252275.92,n/a,n/a,Consumer Services,Hotels/Resorts
IGT,International Game Technology,12.59,2579144140.76,n/a,2015,Consumer Services,Services-Misc. Amusement & Recreation
INSW,"International Seaways, Inc.",16.89,472663390.23,n/a,2016,Consumer Services,Marine Transportation
INUV,"Inuvo, Inc",0.3658,35708492.1082,n/a,n/a,Consumer Services,Advertising
IVR,INVESCO MORTGAGE CAPITAL INC,3.32,602165992.68,n/a,2009,Consumer Services,Real Estate Investment Trusts
IRET,Investors Real Estate Trust,69.4,900527182.4,n/a,n/a,Consumer Services,Real Estate Investment Trusts
IQ,"iQIYI, Inc.",22.36,7034208184.12,314588917,2018,Consumer Services,Consumer Electronics/Video Chains
IRM,Iron Mountain Incorporated,27.5,7924711987.5,n/a,n/a,Consumer Services,Real Estate Investment Trusts
IRS,IRSA Inversiones Y Representaciones S.A.,4.36,252302936.56,n/a,n/a,Consumer Services,Homebuilding
IRCP,IRSA Propiedades Comerciales S.A.,10,39428690,3942869,n/a,Consumer Services,Building operators
STAR          ,iStar Inc.,14.1,1043074600.2,n/a,n/a,Consumer Services,Real Estate Investment Trusts
IZEA,"IZEA Worldwide, Inc.",0.9134,44263005.0338,n/a,n/a,Consumer Services,Advertising
JAX,"J. Alexander&#39;s Holdings, Inc.",6.89,103832830.53,n/a,2015,Consumer Services,Restaurants
MAYS,"J. W. Mays, Inc.",23,46362940,n/a,n/a,Consumer Services,Building operators
JACK,Jack In The Box Inc.,91.99,2090283342.59,n/a,n/a,Consumer Services,Restaurants
JAN,JanOne Inc.,4.27,7814023.14,n/a,n/a,Consumer Services,Home Furnishings
JBGS,JBG SMITH Properties,30.74,4071964939.48,n/a,2017,Consumer Services,Real Estate Investment Trusts
JD,"JD.com, Inc.",85.35,78339717919.65,917864299,2014,Consumer Services,Other Specialty Stores
JCTCF,Jewett-Cameron Trading Company,8.9,30982341.8,n/a,n/a,Consumer Services,RETAIL: Building Materials
JCI,Johnson Controls International plc,46.04,33328715250.12,n/a,n/a,Consumer Services,Other Consumer Services
JMIA,Jumia Technologies AG,32.17,2608374611.88,n/a,2019,Consumer Services,Catalog/Specialty Distribution
JP,Jupai Holdings Limited,2.07,69788636.19,n/a,2015,Consumer Services,Other Consumer Services
LRN,K12 Inc,23.33,969038402.83,n/a,n/a,Consumer Services,Other Consumer Services
KSPN,Kaspien Holdings Inc.,12.7702,23308143.4996,n/a,n/a,Consumer Services,Consumer Electronics/Video Chains
KRC,Kilroy Realty Corporation,61.16,7048759477.76,n/a,1997,Consumer Services,Real Estate Investment Trusts
KIM,Kimco Realty Corporation,14.44,6245280679.28,n/a,n/a,Consumer Services,Real Estate Investment Trusts
KEX,Kirby Corporation,50.6,3037973400,n/a,n/a,Consumer Services,Marine Transportation
KIRK,"Kirkland&#39;s, Inc.",14.29,203605406.16,n/a,2002,Consumer Services,Other Specialty Stores
KRG,Kite Realty Group Trust,14.4,1212531379.2,n/a,2004,Consumer Services,Real Estate Investment Trusts
KREF,KKR Real Estate Finance Trust Inc.,18.23,1013942172.44,n/a,2017,Consumer Services,Real Estate Investment Trusts
KNOP,KNOT Offshore Partners LP,14.61,477660713.34,n/a,2013,Consumer Services,Marine Transportation
KSS,Kohl&#39;s Corporation,32.2,5080357093,n/a,1992,Consumer Services,Department/Specialty Retail Stores
KR,Kroger Company (The),33,25552718994,n/a,n/a,Consumer Services,Food Chains
KRUS,"Kura Sushi USA, Inc.",16.47,137398043.34,n/a,2019,Consumer Services,Restaurants
LB,"L Brands, Inc.",38.81,10784872788.58,n/a,n/a,Consumer Services,Clothing/Shoe/Accessory Stores
LADR,Ladder Capital Corp,9.12,1096839207.84,n/a,2014,Consumer Services,Real Estate Investment Trusts
LAIX,LAIX Inc.,1.53,75600716.49,n/a,2018,Consumer Services,Other Consumer Services
LAMR,Lamar Advertising Company,79.61,8028513419.72,n/a,1996,Consumer Services,Real Estate Investment Trusts
LMRK,Landmark Infrastructure Partners LP,10.2,259876028.4,n/a,2014,Consumer Services,Real Estate
LMRKN,Landmark Infrastructure Partners LP,25.34,0,n/a,n/a,Consumer Services,Real Estate
LMRKO,Landmark Infrastructure Partners LP,24.95,0,n/a,n/a,Consumer Services,Real Estate
LMRKP,Landmark Infrastructure Partners LP,25.25,0,n/a,n/a,Consumer Services,Real Estate
LE,"Lands&#39; End, Inc.",24.94,813135380.16,n/a,n/a,Consumer Services,Clothing/Shoe/Accessory Stores
LVS,Las Vegas Sands Corp.,55.71,42552864955.17,n/a,2004,Consumer Services,Hotels/Resorts
LAUR,"Laureate Education, Inc.",14.2,2983029826.6,n/a,2017,Consumer Services,Other Consumer Services
LEE,"Lee Enterprises, Incorporated",1.06,61860099.04,n/a,n/a,Consumer Services,Newspapers/Magazines
LESL,"Leslie&#39;s, Inc.",20.69,3860882857.32,n/a,2020,Consumer Services,Other Specialty Stores
LLIT,Lianluo Smart Limited,4.85,2182238.1,n/a,n/a,Consumer Services,Other Specialty Stores
LBRDA,Liberty Broadband Corporation,156.77,27982696109.71,n/a,n/a,Consumer Services,Television Services
LBRDK,Liberty Broadband Corporation,157.35,28086223339.05,n/a,n/a,Consumer Services,Television Services
LBTYB,Liberty Global plc,22.5936,13174467268.7952,n/a,n/a,Consumer Services,Television Services
LILA,Liberty Latin America Ltd.,11.35,2633272787.55,n/a,n/a,Consumer Services,Television Services
LILAK,Liberty Latin America Ltd.,11.31,2623992531.03,n/a,n/a,Consumer Services,Television Services
BATRA,Liberty Media Corporation,25.17,1289314624.2,n/a,n/a,Consumer Services,Broadcasting
BATRK,Liberty Media Corporation,25,1280606500,n/a,n/a,Consumer Services,Broadcasting
FWONA,Liberty Media Corporation,37.83,8768251548.42,n/a,n/a,Consumer Services,Broadcasting
FWONK,Liberty Media Corporation,41.78,9683784025.72,n/a,n/a,Consumer Services,Broadcasting
LSXMA,Liberty Media Corporation,40.94,13934544819.48,n/a,n/a,Consumer Services,Broadcasting
LSXMB,Liberty Media Corporation,47.42,16140110291.64,n/a,n/a,Consumer Services,Broadcasting
LSXMK,Liberty Media Corporation,41.01,13958370372.42,n/a,n/a,Consumer Services,Broadcasting
LSI,"Life Storage, Inc.",109.72,5332115834.76,n/a,n/a,Consumer Services,Real Estate Investment Trusts
LTBR,Lightbridge Corporation,3.23,12777605.45,n/a,n/a,Consumer Services,Professional Services
LITB,"LightInTheBox Holding Co., Ltd.",3.12,348739797.12,n/a,2013,Consumer Services,Catalog/Specialty Distribution
LINC,Lincoln Educational Services Corporation,6.27,166006582.83,n/a,2005,Consumer Services,Other Consumer Services
LIND,Lindblad Expeditions Holdings Inc. ,12.81,638901132.66,n/a,2013,Consumer Services,Transportation Services
LYV,"Live Nation Entertainment, Inc.",65.65,14010831958.5,n/a,n/a,Consumer Services,Services-Misc. Amusement & Recreation
LIVX,"LiveXLive Media, Inc.",2.5,180262590,n/a,n/a,Consumer Services,Restaurants
LXEH,"Lixiang Education Holding Co., Ltd.",9.64,32133976,3333400,2020,Consumer Services,Other Consumer Services
LKQ,LKQ Corporation,35.22,10719040761.6,n/a,n/a,Consumer Services,Motor Vehicles
LOW,"Lowe&#39;s Companies, Inc.",155.82,117176640000,n/a,n/a,Consumer Services,RETAIL: Building Materials
LTC,"LTC Properties, Inc.",37.04,1453532014,n/a,n/a,Consumer Services,Real Estate Investment Trusts
LUB,"Luby&#39;s, Inc.",3.05,93557435.45,n/a,n/a,Consumer Services,Restaurants
LL,"Lumber Liquidators Holdings, Inc",28.88,833901595.92,n/a,2007,Consumer Services,RETAIL: Building Materials
MAC,Macerich Company (The),10,1494724310,n/a,1994,Consumer Services,Real Estate Investment Trusts
CLI,Mack-Cali Realty Corporation,13.66,1239131233.74,n/a,n/a,Consumer Services,Real Estate Investment Trusts
M,Macy&#39;s Inc,10.21,3167607514.74,n/a,n/a,Consumer Services,Department/Specialty Retail Stores
MSGE,Madison Square Garden Entertainment Corp.,76.01,1835088831.29,n/a,2020,Consumer Services,Services-Misc. Amusement & Recreation
MSGS,Madison Square Garden Sports Corp.,169.4,4084491149.2,n/a,2015,Consumer Services,Services-Misc. Amusement & Recreation
MMYT,MakeMyTrip Limited,24.81,2561751935.34,n/a,2010,Consumer Services,Transportation Services
MANU,Manchester United Ltd.,15.49,2523928099.57,n/a,2012,Consumer Services,Services-Misc. Amusement & Recreation
LOAN,"Manhattan Bridge Capital, Inc",4.87,46849132.15,n/a,n/a,Consumer Services,Real Estate Investment Trusts
MANT,ManTech International Corporation,76.97,3106217637.64,n/a,2002,Consumer Services,Other Consumer Services
MCS,Marcus Corporation (The),11.74,364694788.08,n/a,n/a,Consumer Services,Movies/Entertainment
HZO,"MarineMax, Inc.",32.84,710268248.96,n/a,1998,Consumer Services,Other Specialty Stores
MAR,Marriott International,126.87,41147964808.92,n/a,n/a,Consumer Services,Hotels/Resorts
MHH,"Mastech Digital, Inc",17.8,202559532.2,n/a,n/a,Consumer Services,Professional Services
MATX,"Matson, Inc.",58.13,2504165702.95,n/a,n/a,Consumer Services,Marine Transportation
MCD,McDonald&#39;s Corporation,217.44,162016933230.72,n/a,n/a,Consumer Services,Restaurants
MDRR,"Medalist Diversified REIT, Inc.",2.28,10939367.04,n/a,2018,Consumer Services,Real Estate Investment Trusts
MDRRP,"Medalist Diversified REIT, Inc.",12.99,0,n/a,n/a,Consumer Services,Real Estate Investment Trusts
MDIA,Mediaco Holding Inc.,2.5,17741150,n/a,n/a,Consumer Services,Broadcasting
MPW,"Medical Properties Trust, Inc.",19.4,10398336717.2,n/a,2005,Consumer Services,Real Estate Investment Trusts
MLCO,Melco Resorts & Entertainment Limited,18.13,3887533299.72,214425444,n/a,Consumer Services,Hotels/Resorts
MDP,Meredith Corporation,20.35,927283159,n/a,n/a,Consumer Services,Newspapers/Magazines
METXW,Meten EdtechX Education Group Ltd.,0.2199,0,n/a,n/a,Consumer Services,Other Consumer Services
MFA,"MFA Financial, Inc.",3.7,1677332914,n/a,n/a,Consumer Services,Real Estate Investment Trusts
MFO,"MFA Financial, Inc.",25.4,0,n/a,n/a,Consumer Services,Real Estate Investment Trusts
MGP,MGM Growth Properties LLC,30.57,9277016698.86,n/a,2016,Consumer Services,Real Estate Investment Trusts
MGM,MGM Resorts International,28.25,13953779546.75,n/a,n/a,Consumer Services,Hotels/Resorts
MAA,"Mid-America Apartment Communities, Inc.",126.16,14428895481.92,n/a,1994,Consumer Services,Real Estate Investment Trusts
YGMZ,MingZhu Logistics Holdings Limited,4.15,49800000,n/a,2020,Consumer Services,Transportation Services
MNSO,MINISO Group Holding Limited,19.94,6061269495.94,n/a,2020,Consumer Services,Department/Specialty Retail Stores
MG,Mistras Group Inc,5.22,152385173.64,n/a,2009,Consumer Services,Military/Government/Technical
MKGI,"Monaker Group, Inc.",3.02,43985058.78,n/a,n/a,Consumer Services,Transportation Services
MCRI,"Monarch Casino & Resort, Inc.",55.22,1008505224.1,n/a,1993,Consumer Services,Hotels/Resorts
MNR,Monmouth Real Estate Investment Corporation,14.83,1454307642.67,n/a,n/a,Consumer Services,Real Estate Investment Trusts
MNRO,"Monro, Inc. ",47.01,1565781156.06,n/a,1991,Consumer Services,Automotive Aftermarket
MEG,"Montrose Environmental Group, Inc.",27.39,683700415.2,n/a,2020,Consumer Services,Professional Services
MCAC,Mountain Crest Acquisition Corp.,10.15,76556283.65,n/a,2020,Consumer Services,Other Specialty Stores
MCACR,Mountain Crest Acquisition Corp.,0.69,0,n/a,2020,Consumer Services,Other Specialty Stores
MCACU,Mountain Crest Acquisition Corp.,10.75,0,n/a,2020,Consumer Services,Other Specialty Stores
MSGN,MSG Networks Inc.,12.14,2291014643.72,n/a,n/a,Consumer Services,Television Services
GRIL,"Muscle Maker, Inc",2.135,22989635.165,n/a,2020,Consumer Services,Restaurants
NATH,"Nathan&#39;s Famous, Inc.",56.8,233728251.2,n/a,1993,Consumer Services,Restaurants
NCMI,"National CineMedia, Inc.",3.37,268186709.62,n/a,2007,Consumer Services,Advertising
NHI,"National Health Investors, Inc.",64.66,2892187291.62,n/a,n/a,Consumer Services,Real Estate Investment Trusts
NNN,National Retail Properties,37.7,6549531424.8,n/a,n/a,Consumer Services,Real Estate Investment Trusts
NSA,National Storage Affiliates Trust,33.98,2351335229.54,n/a,2015,Consumer Services,Real Estate Investment Trusts
NGVC,"Natural Grocers by Vitamin Cottage, Inc.",14.56,328280898.4,n/a,2012,Consumer Services,Food Chains
NGMS,NeoGames S.A.,21.92,539742538.72,n/a,2020,Consumer Services,Services-Misc. Amusement & Recreation
NFLX,"Netflix, Inc.",490.7,216788810425.6,n/a,2002,Consumer Services,Consumer Electronics/Video Chains
NTST,NetSTREIT Corp.,18.97,530764968.72,n/a,2020,Consumer Services,Real Estate Investment Trusts
NEN,New England Realty Associates Limited Partnership,50.05,182817434.8,n/a,n/a,Consumer Services,Building operators
EDU,"New Oriental Education & Technology Group, Inc.",164.85,27841415446.95,n/a,2006,Consumer Services,Other Consumer Services
NRZ,New Residential Investment Corp.,9.26,3849794236.68,n/a,n/a,Consumer Services,Real Estate Investment Trusts
SNR,New Senior Investment Group Inc.,5.53,459121868.38,n/a,2014,Consumer Services,Real Estate Investment Trusts
NYC,"New York City REIT, Inc.",10,128026900,n/a,2020,Consumer Services,Real Estate Investment Trusts
NYMT,"New York Mortgage Trust, Inc.",3.515,1327771833.14,n/a,n/a,Consumer Services,Real Estate Investment Trusts
NYMTM,"New York Mortgage Trust, Inc.",22.05,0,n/a,n/a,Consumer Services,Real Estate Investment Trusts
NYMTN,"New York Mortgage Trust, Inc.",22.38,0,n/a,n/a,Consumer Services,Real Estate Investment Trusts
NYMTO,"New York Mortgage Trust, Inc.",21.81,0,n/a,n/a,Consumer Services,Real Estate Investment Trusts
NYMTP,"New York Mortgage Trust, Inc.",21.88,0,n/a,n/a,Consumer Services,Real Estate Investment Trusts
NYT,New York Times Company (The),42.91,7175282456.93,n/a,n/a,Consumer Services,Newspapers/Magazines
NWS,News Corporation,17.81,10518326365.82,n/a,n/a,Consumer Services,Newspapers/Magazines
NWSA,News Corporation,17.65,10423832698.3,n/a,n/a,Consumer Services,Newspapers/Magazines
NREF,"NexPoint Real Estate Finance, Inc.",16.49,84320015.47,n/a,2020,Consumer Services,Real Estate Investment Trusts
NXRT,"NexPoint Residential Trust, Inc.",44.31,1090312109.67,n/a,2015,Consumer Services,Real Estate Investment Trusts
NXST,"Nexstar Media Group, Inc.",105.25,4635737828.75,n/a,2003,Consumer Services,Broadcasting
NDLS,Noodles & Company,7.95,352757280.75,n/a,2013,Consumer Services,Restaurants
NAT,Nordic American Tankers Limited,3.19,482342390.09,n/a,n/a,Consumer Services,Marine Transportation
JWN,"Nordstrom, Inc.",25.92,4087584000,n/a,n/a,Consumer Services,Clothing/Shoe/Accessory Stores
NCLH,Norwegian Cruise Line Holdings Ltd.,22.87,7218596051.84,n/a,n/a,Consumer Services,Marine Transportation
NUZE,"NuZee, Inc.",13.7063,203160617.4838,n/a,n/a,Consumer Services,Other Specialty Stores
NVEE,"NV5 Global, Inc.",73.1,968331650.1,n/a,2013,Consumer Services,Other Consumer Services
NXTD,NXT-ID Inc.,0.4201,14707680.8352,n/a,n/a,Consumer Services,Diversified Commercial Services
OMEX,"Odyssey Marine Exploration, Inc.",6.9,84235896.9,n/a,n/a,Consumer Services,Marine Transportation
OLLI,"Ollie&#39;s Bargain Outlet Holdings, Inc.",88.06,5756992419.64,n/a,2015,Consumer Services,Department/Specialty Retail Stores
OHI,"Omega Healthcare Investors, Inc.",35.22,7995080844.78,n/a,1992,Consumer Services,Real Estate Investment Trusts
OLP,"One Liberty Properties, Inc.",17.78,365927566.34,n/a,n/a,Consumer Services,Real Estate Investment Trusts
ONE,OneSmart International Education Group Limited,4.05,652348278.45,n/a,2018,Consumer Services,Other Consumer Services
OSW,OneSpaWorld Holdings Limited,8.84,751118454.84,n/a,n/a,Consumer Services,Hotels/Resorts
ONEW,OneWater Marine Inc.,27.96,418709332.08,n/a,2020,Consumer Services,Other Specialty Stores
OPES,Opes Acquisition Corp.,12.5,98282150,n/a,2018,Consumer Services,Restaurants
OPESU,Opes Acquisition Corp.,14.47,0,n/a,2018,Consumer Services,Restaurants
OPESW,Opes Acquisition Corp.,2.175,0,n/a,2018,Consumer Services,Restaurants
ORBC,ORBCOMM Inc.,5.72,446244495.84,n/a,2006,Consumer Services,Telecommunications Equipment
ORC,"Orchid Island Capital, Inc.",5.35,370733396.7,n/a,2013,Consumer Services,Real Estate Investment Trusts
ORLY,"O&#39;Reilly Automotive, Inc.",442.44,32054078502.36,n/a,1993,Consumer Services,Other Specialty Stores
OUT,OUTFRONT Media Inc.,18.94,2735488176.76,n/a,2014,Consumer Services,Real Estate Investment Trusts
OSTK,"Overstock.com, Inc.",67.49,2886217746.33,n/a,2002,Consumer Services,Catalog/Specialty Distribution
OZON,Ozon Holdings PLC,40.02,1200600000,30000000,2020,Consumer Services,Catalog/Specialty Distribution
PAE,PAE Incorporated,9.61,884510684.94,n/a,2018,Consumer Services,Diversified Commercial Services
PAEWW,PAE Incorporated,2.51,0,n/a,2018,Consumer Services,Diversified Commercial Services
PZZA,"Papa John&#39;s International, Inc.",80.36,2648037506.24,n/a,1993,Consumer Services,Restaurants
PGRE,"Paramount Group, Inc.",9.25,2036496141.25,n/a,2014,Consumer Services,Real Estate Investment Trusts
PK,Park Hotels & Resorts Inc.,16.32,3845200683.84,n/a,2016,Consumer Services,Hotels/Resorts
PRTY,Party City Holdco Inc.,4.58,506759367,n/a,2015,Consumer Services,Other Specialty Stores
PAYX,"Paychex, Inc.",93.15,33487454528.55,n/a,1983,Consumer Services,Diversified Commercial Services
CNXN,"PC Connection, Inc.",45.65,1194911164.15,n/a,n/a,Consumer Services,Catalog/Specialty Distribution
PSO,"Pearson, Plc",8.61,6483102437.7,n/a,n/a,Consumer Services,Books
PEB,Pebblebrook Hotel Trust,18.5,2421967922.5,n/a,2009,Consumer Services,Real Estate Investment Trusts
PENN,"Penn National Gaming, Inc.",70,10872700650,n/a,1994,Consumer Services,Hotels/Resorts
PEI,Pennsylvania Real Estate Investment Trust,1.1,87490883.7,n/a,n/a,Consumer Services,Real Estate Investment Trusts
PMT,PennyMac Mortgage Investment Trust,17.1,1689298842.6,n/a,2009,Consumer Services,Real Estate Investment Trusts
PRDO,Perdoceo Education Corporation,11.34,785714115.06,n/a,n/a,Consumer Services,Other Consumer Services
PFMT,Performant Financial Corporation,0.781,42764969.423,n/a,2012,Consumer Services,Other Consumer Services
FENG,Phoenix New Media Limited,2.51,182998020.78,n/a,2011,Consumer Services,Broadcasting
DNK,Phoenix Tree Holdings Limited,3.49,638251200,n/a,2020,Consumer Services,Building operators
DOC,Physicians Realty Trust,17.35,3612786197.2,n/a,2013,Consumer Services,Real Estate Investment Trusts
PDM,"Piedmont Office Realty Trust, Inc.",15.63,1969829550.06,n/a,n/a,Consumer Services,Building operators
PLNT,"Planet Fitness, Inc.",72.95,6311670475,n/a,2015,Consumer Services,Hotels/Resorts
PLYA,Playa Hotels & Resorts N.V.,5.09,684891770.6,n/a,n/a,Consumer Services,Hotels/Resorts
PLYM,"Plymouth Industrial REIT, Inc.",13.14,324752905.62,n/a,2017,Consumer Services,Real Estate Investment Trusts
PSTL,"Postal Realty Trust, Inc.",16.12,152323554.24,n/a,2019,Consumer Services,Real Estate Investment Trusts
PBPB,Potbelly Corporation,4.72,114280640,n/a,2013,Consumer Services,Restaurants
PCH,PotlatchDeltic Corporation,46.54,3112271793.54,n/a,n/a,Consumer Services,Real Estate Investment Trusts
PW,Power REIT,27.48,52655499.72,n/a,n/a,Consumer Services,Real Estate Investment Trusts
APTS,"Preferred Apartment Communities, Inc.",7.81,389723334.55,n/a,2011,Consumer Services,Real Estate Investment Trusts
PINC,"Premier, Inc.",35.42,4324799284.96,n/a,2013,Consumer Services,Other Consumer Services
SQFT,"Presidio Property Trust, Inc.",3.07,29578077.71,n/a,2020,Consumer Services,Real Estate Investment Trusts
PRGX,"PRGX Global, Inc.",6.66,156919543.38,n/a,1996,Consumer Services,Diversified Commercial Services
PSMT,"PriceSmart, Inc.",81.28,2492909863.04,n/a,n/a,Consumer Services,Department/Specialty Retail Stores
PLD,"Prologis, Inc.",100.05,73959261150,n/a,n/a,Consumer Services,Real Estate Investment Trusts
PSB,"PS Business Parks, Inc.",131.8,3622990494.6,n/a,n/a,Consumer Services,Real Estate Investment Trusts
PSA,Public Storage,224.46,39240577993.32,n/a,n/a,Consumer Services,Real Estate Investment Trusts
PSA^B,Public Storage,25.71,0,n/a,n/a,Consumer Services,Real Estate Investment Trusts
PSA^C,Public Storage,25.84,0,n/a,n/a,Consumer Services,Real Estate Investment Trusts
PSA^D,Public Storage,25.99,0,n/a,n/a,Consumer Services,Real Estate Investment Trusts
PSA^E,Public Storage,25.99,0,n/a,n/a,Consumer Services,Real Estate Investment Trusts
PSA^F,Public Storage,26.71,0,n/a,n/a,Consumer Services,Real Estate Investment Trusts
PSA^K,Public Storage,28.24,0,n/a,n/a,Consumer Services,Real Estate Investment Trusts
PSA^L,Public Storage,26.94,0,n/a,n/a,Consumer Services,Real Estate Investment Trusts
NEW,Puxin Limited,7.95,692708542.5,n/a,2018,Consumer Services,Other Consumer Services
QTS,"QTS Realty Trust, Inc.",59.41,3828113292.64,n/a,2013,Consumer Services,Real Estate Investment Trusts
QUOT,Quotient Technology Inc.,7.45,677991407.1,n/a,2014,Consumer Services,Advertising
QRTEA,"Qurate Retail, Inc.",10.47,4368308989.83,n/a,n/a,Consumer Services,Catalog/Specialty Distribution
QRTEB,"Qurate Retail, Inc.",10.77,4493475436.53,n/a,n/a,Consumer Services,Catalog/Specialty Distribution
QRTEP,"Qurate Retail, Inc.",98.23,0,n/a,n/a,Consumer Services,Catalog/Specialty Distribution
QVCC,"QVC, Inc.",24.9,0,n/a,2019,Consumer Services,Catalog/Specialty Distribution
QVCD,"QVC, Inc.",25.7,0,n/a,2018,Consumer Services,Catalog/Specialty Distribution
RCM,R1 RCM Inc.,20.28,2365913918.16,n/a,n/a,Consumer Services,Other Consumer Services
RADI,"Radius Global Infrastructure, Inc.",9,525825000,n/a,n/a,Consumer Services,Real Estate
RYN,Rayonier Inc.,28.17,3845719074.33,n/a,n/a,Consumer Services,Real Estate Investment Trusts
RICK,"RCI Hospitality Holdings, Inc.",29.51,269287042.31,n/a,1995,Consumer Services,Restaurants
RDI,Reading International Inc,3.5,76122189.5,n/a,n/a,Consumer Services,Movies/Entertainment
RDIB,Reading International Inc,20,434983940,n/a,n/a,Consumer Services,Movies/Entertainment
RC,Ready Capital Corporation,12.94,704797558.14,n/a,2013,Consumer Services,Real Estate Investment Trusts
RCA,Ready Capital Corporation,24.5,0,n/a,2017,Consumer Services,Real Estate Investment Trusts
RCB,Ready Capital Corporation,24.67,0,n/a,2019,Consumer Services,Real Estate Investment Trusts
RCP,Ready Capital Corporation,25.34,0,n/a,2018,Consumer Services,Real Estate Investment Trusts
O,Realty Income Corporation,59.97,21048878036.13,n/a,n/a,Consumer Services,Real Estate Investment Trusts
RLH,Red Lion Hotels Corporation,2.36,60096774.6,n/a,n/a,Consumer Services,Hotels/Resorts
RRGB,"Red Robin Gourmet Burgers, Inc.",20.11,312546623.61,n/a,2002,Consumer Services,Restaurants
RRR,"Red Rock Resorts, Inc.",21.745,2550747341.97,n/a,2016,Consumer Services,Hotels/Resorts
RWT,"Redwood Trust, Inc.",8.65,968177373,n/a,1995,Consumer Services,Real Estate Investment Trusts
REG,Regency Centers Corporation,45.58,7734020416.56,n/a,1993,Consumer Services,Real Estate Investment Trusts
RGS,Regis Corporation,8.49,302803015.56,n/a,1991,Consumer Services,Other Consumer Services
RELX,RELX PLC,23.38,45169833965.9,n/a,2015,Consumer Services,Publishing
MARK,"Remark Holdings, Inc.",1.58,157217964.78,n/a,n/a,Consumer Services,Telecommunications Equipment
QSR,Restaurant Brands International Inc.,56.96,17265331232.64,n/a,2014,Consumer Services,Restaurants
ROIC,Retail Opportunity Investments Corp.,12.98,1531706911.9,n/a,n/a,Consumer Services,Real Estate Investment Trusts
RPAI,"Retail Properties of America, Inc.",8.1,1735446278.7,n/a,2012,Consumer Services,Real Estate Investment Trusts
RVLV,"Revolve Group, Inc.",23.6,1657099747.6,n/a,2019,Consumer Services,Catalog/Specialty Distribution
REXR,"Rexford Industrial Realty, Inc.",47.92,5932022742.08,n/a,2013,Consumer Services,Real Estate Investment Trusts
RH,RH,453.16,8843057590.96,n/a,2012,Consumer Services,Other Specialty Stores
RNET,"RigNet, Inc.",5.38,110611621.78,n/a,2010,Consumer Services,Telecommunications Equipment
REDU,RISE Education Cayman Ltd,6.46,147383343.14,22814759,2017,Consumer Services,Other Consumer Services
RLJ,RLJ Lodging Trust,12.33,2034719336.52,n/a,2011,Consumer Services,Real Estate Investment Trusts
RCI,"Rogers Communication, Inc.",47.12,23792080984.16,n/a,n/a,Consumer Services,Television Services
ROKU,"Roku, Inc.",293.57,37263272235.04,n/a,2017,Consumer Services,Television Services
ROST,"Ross Stores, Inc.",107.52,38277728670.72,n/a,1985,Consumer Services,Clothing/Shoe/Accessory Stores
RCL,Royal Caribbean Group,78.81,17680088655.78,n/a,1993,Consumer Services,Marine Transportation
RPT,RPT Realty,7.33,593450756.32,n/a,n/a,Consumer Services,Real Estate Investment Trusts
RUHN,Ruhnn Holding Limited,2.97,55766386.17,18776561,2019,Consumer Services,Catalog/Specialty Distribution
RUTH,"Ruth&#39;s Hospitality Group, Inc.",15.57,543389060.79,n/a,2005,Consumer Services,Restaurants
RYB,"RYB Education, Inc.",2.64,72827953.44,n/a,2017,Consumer Services,Other Consumer Services
R,"Ryder System, Inc.",59.22,3191313864.06,n/a,n/a,Consumer Services,Rental/Leasing Companies
RHP,"Ryman Hospitality Properties, Inc.",64.19,3529250481.47,n/a,n/a,Consumer Services,Real Estate Investment Trusts
SBRA,"Sabra Health Care REIT, Inc.",16.48,3410178796,n/a,n/a,Consumer Services,Real Estate Investment Trusts
SACC,Sachem Capital Corp.,24.97,0,n/a,2019,Consumer Services,Real Estate Investment Trusts
SACH,Sachem Capital Corp.,4.21,93145412.21,n/a,2017,Consumer Services,Real Estate Investment Trusts
SCCB,Sachem Capital Corp.,25.2652,0,n/a,2019,Consumer Services,Real Estate Investment Trusts
SCCC,Sachem Capital Corp.,25.25,0,n/a,2020,Consumer Services,Real Estate Investment Trusts
SAFE,Safehold Inc.,68.07,3613540195.5,n/a,2017,Consumer Services,Real Estate
SGA,"Saga Communications, Inc.",22.75,136336450.25,n/a,n/a,Consumer Services,Broadcasting
SALM,"Salem Media Group, Inc.",1.07,28551198.41,n/a,1999,Consumer Services,Broadcasting
SBH,"Sally Beauty Holdings, Inc.",11.5,1297417603,n/a,n/a,Consumer Services,Other Specialty Stores
BFS,"Saul Centers, Inc.",31.2,730080000,n/a,1993,Consumer Services,Real Estate Investment Trusts
SBAC,SBA Communications Corporation,287.18,31889328740,n/a,1999,Consumer Services,Real Estate Investment Trusts
SCHL,Scholastic Corporation,23.72,811302038.8,n/a,1992,Consumer Services,Books
WORX,SCWorx Corp.,2.1,20709635.1,n/a,2016,Consumer Services,Services-Misc. Amusement & Recreation
SE,Sea Limited,180.37,89096244293.05,n/a,2017,Consumer Services,Other Consumer Services
SEB,Seaboard Corporation,3202.73,3717661726.67,n/a,1996,Consumer Services,Farming/Seeds/Milling
SEAS,"SeaWorld Entertainment, Inc.",27.9,2186852415.3,n/a,2013,Consumer Services,Services-Misc. Amusement & Recreation
SECO,Secoo Holding Limited,3.12,51986001.6,16662180,2017,Consumer Services,Other Specialty Stores
SCI,Service Corporation International,48.64,8402250114.56,n/a,n/a,Consumer Services,Other Consumer Services
SVC,Service Properties Trust,11.86,1954810659.38,n/a,n/a,Consumer Services,Real Estate Investment Trusts
SGBX,"SG Blocks, Inc.",3.07,26390300.23,n/a,2017,Consumer Services,RETAIL: Building Materials
SHAK,"Shake Shack, Inc.",81.66,3397964794.14,n/a,2015,Consumer Services,Restaurants
SJR,Shaw Communications Inc.,17.39,8921420356.33,n/a,n/a,Consumer Services,Television Services
SHW,Sherwin-Williams Company (The),747.63,67903125420.78,n/a,n/a,Consumer Services,RETAIL: Building Materials
SCVL,"Shoe Carnival, Inc.",36.57,515679567.48,n/a,1993,Consumer Services,Clothing/Shoe/Accessory Stores
SIG,Signet Jewelers Limited,30.29,1585469379.13,n/a,n/a,Consumer Services,Consumer Specialties
SPG,"Simon Property Group, Inc.",82.57,27094178207.91,n/a,n/a,Consumer Services,Real Estate Investment Trusts
SBGI,"Sinclair Broadcast Group, Inc.",27.26,2016710610.8,n/a,1995,Consumer Services,Broadcasting
SIRI,Sirius XM Holdings Inc.,6.49,27579264397.52,n/a,n/a,Consumer Services,Broadcasting
SITC,SITE Centers Corp.,10.09,1949587590.29,n/a,n/a,Consumer Services,Real Estate Investment Trusts
SIX,Six Flags Entertainment Corporation New,30.73,2611345637.67,n/a,n/a,Consumer Services,Services-Misc. Amusement & Recreation
EDTK,Skillful Craftsman Education Technology Limited,3.13,37560000,n/a,2020,Consumer Services,Other Consumer Services
SLG,SL Green Realty Corp,57.9,4201777581.9,n/a,1997,Consumer Services,Real Estate Investment Trusts
SOHO,Sotherly Hotels Inc.,2.3,34226914.1,n/a,n/a,Consumer Services,Real Estate Investment Trusts
SOHOB,Sotherly Hotels Inc.,11.2499,0,n/a,n/a,Consumer Services,Real Estate Investment Trusts
SOHON,Sotherly Hotels Inc.,11.59,0,n/a,n/a,Consumer Services,Real Estate Investment Trusts
SOHOO,Sotherly Hotels Inc.,11.1053,0,n/a,n/a,Consumer Services,Real Estate Investment Trusts
SP,SP Plus Corporation,28.44,656633697.84,n/a,n/a,Consumer Services,Rental/Leasing Companies
LOV,"Spark Networks, Inc.",4.57,119079941.6,n/a,2017,Consumer Services,Other Consumer Services
SRC,"Spirit Realty Capital, Inc.",36.84,4007427717.36,n/a,2013,Consumer Services,Building operators
SPWH,"Sportsman&#39;s Warehouse Holdings, Inc.",13.93,607449229.31,n/a,2014,Consumer Services,Other Specialty Stores
SPOT,Spotify Technology S.A.,291.37,55239720313.31,n/a,2018,Consumer Services,Broadcasting
FUND,"Sprott Focus Trust, Inc.",6.77,200003056.73,n/a,n/a,Consumer Services,Miscellaneous
SFM,"Sprouts Farmers Market, Inc.",21.17,2497007342.92,n/a,2013,Consumer Services,Food Chains
JOE,St. Joe Company (The),33.01,1943712942.49,n/a,n/a,Consumer Services,Homebuilding
STAG,"Stag Industrial, Inc.",29.78,4444076666.32,n/a,2011,Consumer Services,Real Estate Investment Trusts
STN,Stantec Inc,30.13,3377708313.83,n/a,n/a,Consumer Services,Military/Government/Technical
SGU,"Star Group, L.P.",9.57,405205532.82,n/a,n/a,Consumer Services,Other Specialty Stores
SBUX,Starbucks Corporation,98.02,115046074000,n/a,1992,Consumer Services,Restaurants
STWD,"STARWOOD PROPERTY TRUST, INC.",17.94,5107296153.96,n/a,2009,Consumer Services,Real Estate Investment Trusts
SFIX,"Stitch Fix, Inc.",40.5,4223007211.5,n/a,2017,Consumer Services,Catalog/Specialty Distribution
STON,StoneMor Inc.,1.46,187137704.6,n/a,2004,Consumer Services,Other Consumer Services
STOR,STORE Capital Corporation,32.56,8587885266.4,n/a,2014,Consumer Services,Real Estate Investment Trusts
STRA,"Strategic Education, Inc.",93.89,2291167625.2,n/a,1996,Consumer Services,Other Consumer Services
STRS,Stratus Properties Inc.,24.35,200181690.9,n/a,n/a,Consumer Services,Homebuilding
MSC,Studio City International Holdings Limited,14.73,1630848373.95,n/a,2018,Consumer Services,Hotels/Resorts
SPH,"Suburban Propane Partners, L.P.",15.32,957612310.92,n/a,1996,Consumer Services,Other Specialty Stores
INN,"Summit Hotel Properties, Inc.",8.69,918609359.03,n/a,2011,Consumer Services,Real Estate Investment Trusts
SUI,"Sun Communities, Inc.",139,14951236428,n/a,1993,Consumer Services,Real Estate Investment Trusts
STG,Sunlands Technology Group,1.28,215334304,n/a,2018,Consumer Services,Other Consumer Services
STKL,"SunOpta, Inc.",10.17,914666673.42,n/a,n/a,Consumer Services,Farming/Seeds/Milling
SHO,"Sunstone Hotel Investors, Inc.",10.5,2264173275,n/a,2004,Consumer Services,Hotels/Resorts
SLGG,"Super League Gaming, Inc.",1.92,28866144,n/a,2019,Consumer Services,Services-Misc. Amusement & Recreation
TKAT,"Takung Art Co., Ltd.",1.11,12511230.69,n/a,n/a,Consumer Services,Other Specialty Stores
TAL,TAL Education Group,70.06,42063127862.54,n/a,n/a,Consumer Services,Other Consumer Services
SKT,"Tanger Factory Outlet Centers, Inc.",9.45,883133410.95,n/a,1993,Consumer Services,Real Estate Investment Trusts
TEDU,"Tarena International, Inc.",2.96,106376044.88,35937853,2014,Consumer Services,Other Consumer Services
TGT,Target Corporation,179.53,89903802003.73,n/a,n/a,Consumer Services,Department/Specialty Retail Stores
TH,Target Hospitality Corp.,1.58,159850045.7,n/a,2018,Consumer Services,Hotels/Resorts
THWWW,Target Hospitality Corp.,0.0733,0,n/a,2018,Consumer Services,Hotels/Resorts
TCO,"Taubman Centers, Inc.",42.72,2636906952,n/a,1992,Consumer Services,Real Estate Investment Trusts
TISI,"Team, Inc.",8.71,266768852.22,n/a,n/a,Consumer Services,Other Consumer Services
TGP,Teekay LNG Partners L.P.,11.85,1030301982.75,n/a,2005,Consumer Services,Marine Transportation
TNK,Teekay Tankers Ltd.,11.64,392268000,n/a,2007,Consumer Services,Marine Transportation
TGNA,TEGNA Inc.,14.41,3159270807.55,n/a,n/a,Consumer Services,Broadcasting
TME,Tencent Music Entertainment Group,16.76,28115452560.44,n/a,2018,Consumer Services,Broadcasting
TMX,"Terminix Global Holdings, Inc.",49.03,6477226753.57,n/a,2014,Consumer Services,Other Consumer Services
TTEK,"Tetra Tech, Inc.",119.25,6412952684.25,n/a,1991,Consumer Services,Military/Government/Technical
TXRH,"Texas Roadhouse, Inc.",75.8,5266775167.6,n/a,2004,Consumer Services,Restaurants
ANDE,"The Andersons, Inc.",22.73,749601259.54,n/a,n/a,Consumer Services,Farming/Seeds/Milling
CAKE,The Cheesecake Factory Incorporated,37.48,1708491093.52,n/a,1992,Consumer Services,Restaurants
HCKT,"The Hackett Group, Inc.",14.08,421862172.16,n/a,n/a,Consumer Services,Professional Services
INTG,The Intergroup Corporation,35.65,81421605.4,n/a,n/a,Consumer Services,Building operators
LOVE,The Lovesac Company,31.88,467586574.16,n/a,2018,Consumer Services,Other Specialty Stores
MIK,"The Michaels Companies, Inc.",9.89,1458157498.07,n/a,2014,Consumer Services,Recreational Products/Toys
ODP,The ODP Corporation,28.67,1510180466.63,n/a,n/a,Consumer Services,Other Specialty Stores
STKS,"The ONE Group Hospitality, Inc.",3.33,96796463.31,n/a,n/a,Consumer Services,Restaurants
PRSC,The Providence Service Corporation,135.79,1925995660.86,n/a,2003,Consumer Services,Transportation Services
REAL,"The RealReal, Inc.",13.85,1226797086.95,n/a,2019,Consumer Services,Other Specialty Stores
RMR,The RMR Group Inc.,37.04,1162894542.64,n/a,n/a,Consumer Services,Professional Services
TRI,Thomson Reuters Corp,79.33,39424454860.03,n/a,n/a,Consumer Services,Publishing
THRY,"Thryv Holdings, Inc.",9.7,300976973.8,n/a,n/a,Consumer Services,Advertising
TDW,Tidewater Inc.,9.51,385598612.97,n/a,2017,Consumer Services,Marine Transportation
TIF,Tiffany & Co.,131.48,15963410165.6,n/a,1987,Consumer Services,Consumer Specialties
TLYS,"Tilly&#39;s, Inc.",9.13,271888633.61,n/a,2012,Consumer Services,Clothing/Shoe/Accessory Stores
TITN,Titan Machinery Inc.,18.27,411685236.27,n/a,2007,Consumer Services,Other Specialty Stores
TJX,"TJX Companies, Inc. (The)",63.51,76152372556.83,n/a,n/a,Consumer Services,Clothing/Shoe/Accessory Stores
TSQ,"Townsquare Media, Inc.",6.7,127153906.5,n/a,2014,Consumer Services,Broadcasting
TRTX,"TPG RE Finance Trust, Inc.",10.37,795967611.57,n/a,2017,Consumer Services,Real Estate Investment Trusts
TSCO,Tractor Supply Company,140.81,16403998049.14,n/a,1994,Consumer Services,RETAIL: Building Materials
TCI,"Transcontinental Realty Investors, Inc.",26.09,227446541.03,n/a,n/a,Consumer Services,Real Estate Investment Trusts
TZOO,Travelzoo,9.45,106883572.95,n/a,n/a,Consumer Services,Advertising
TRMT,Tremont Mortgage Trust,4.365,36243703.71,n/a,2017,Consumer Services,Real Estate Investment Trusts
TY^,Tri Continental Corporation,57.715,0,n/a,n/a,Consumer Services,Miscellaneous
TPCO,Tribune Publishing Company,12.08,441316888.4,n/a,n/a,Consumer Services,Newspapers/Magazines
TPHS,Trinity Place Holdings Inc.,1.36,43754065.52,n/a,n/a,Consumer Services,Building operators
TOUR,Tuniu Corporation,2.82,100423214.58,35611069,2014,Consumer Services,Transportation Services
TWO,Two Harbors Investments Corp,6.24,1707886552.32,n/a,n/a,Consumer Services,Real Estate Investment Trusts
UCL,uCloudlink Group Inc.,13,26130000,2010000,2020,Consumer Services,Telecommunications Equipment
UDR,"UDR, Inc.",38.47,11328703228.06,n/a,n/a,Consumer Services,Real Estate Investment Trusts
ULTA,"Ulta Beauty, Inc.",275.4,15511382841.6,n/a,2007,Consumer Services,Other Specialty Stores
UMH,"UMH Properties, Inc.",14.33,597697407.27,n/a,n/a,Consumer Services,Real Estate Investment Trusts
UNF,Unifirst Corporation,184.88,3493743547.04,n/a,n/a,Consumer Services,Other Consumer Services
UNIT,Uniti Group Inc.,10.28,2392659812.52,n/a,n/a,Consumer Services,Real Estate Investment Trusts
UVV,Universal Corporation,45.51,1115671597.17,n/a,n/a,Consumer Services,Farming/Seeds/Milling
UHT,Universal Health Realty Income Trust,60.43,832152463.17,n/a,n/a,Consumer Services,Real Estate Investment Trusts
UTI,Universal Technical Institute Inc,6.56,214164320,n/a,2003,Consumer Services,Other Consumer Services
UONE,"Urban One, Inc. ",5.31,253542862.35,n/a,n/a,Consumer Services,Broadcasting
UONEK,"Urban One, Inc. ",1.46,69712350.1,n/a,n/a,Consumer Services,Broadcasting
URBN,"Urban Outfitters, Inc.",27.38,2677391111.78,n/a,1993,Consumer Services,Clothing/Shoe/Accessory Stores
UBA,Urstadt Biddle Properties Inc.,14.04,562539444.48,n/a,n/a,Consumer Services,Real Estate Investment Trusts
UBP,Urstadt Biddle Properties Inc.,12.96,519267179.52,n/a,n/a,Consumer Services,Real Estate Investment Trusts
MTN,"Vail Resorts, Inc.",275.84,11112140199.04,n/a,1997,Consumer Services,Services-Misc. Amusement & Recreation
VSTA,Vasta Platform Limited,13.8,1145559873,n/a,2020,Consumer Services,Other Consumer Services
VEC,"Vectrus, Inc.",47.67,554143156.56,n/a,2014,Consumer Services,Diversified Commercial Services
VTR,"Ventas, Inc.",47.91,17945685830.25,n/a,n/a,Consumer Services,Real Estate Investment Trusts
VERB,"Verb Technology Company, Inc.",1.0867,53613484.4483,n/a,n/a,Consumer Services,Other Consumer Services
VERBW,"Verb Technology Company, Inc.",0.3486,0,n/a,n/a,Consumer Services,Other Consumer Services
VER,VEREIT Inc.,7.09,7740196802.02,n/a,n/a,Consumer Services,Real Estate Investment Trusts
VRTV,Veritiv Corporation,18.58,295302623.5,n/a,2014,Consumer Services,Paper
VRRM,Verra Mobility Corporation,12.2,1979680153,n/a,2017,Consumer Services,Transportation Services
VIAC,ViacomCBS Inc.,35.28,21776440044.24,n/a,n/a,Consumer Services,Broadcasting
VIACA,ViacomCBS Inc.,36.48,22517135283.84,n/a,n/a,Consumer Services,Broadcasting
VICI,VICI Properties Inc.,25.29,13572377269.38,n/a,2018,Consumer Services,Real Estate Investment Trusts
VLGEA,"Village Super Market, Inc.",23.16,337046090.4,n/a,n/a,Consumer Services,Food Chains
VNCE,Vince Holding Corp.,5.14,60631136.74,n/a,2013,Consumer Services,Clothing/Shoe/Accessory Stores
VIPS,Vipshop Holdings Limited,25.54,17298846148.7,n/a,2012,Consumer Services,Catalog/Specialty Distribution
SPCE,"Virgin Galactic Holdings, Inc.",26.61,6235852967.04,n/a,2017,Consumer Services,Transportation Services
VTRU,Vitru Limited,13.96,321890419.88,n/a,2020,Consumer Services,Other Consumer Services
VNO,Vornado Realty Trust,38.91,7441964770.71,n/a,n/a,Consumer Services,Real Estate Investment Trusts
VSEC,VSE Corporation,34.2,377944063.2,n/a,n/a,Consumer Services,Military/Government/Technical
WPC,W. P. Carey Inc.,69.21,12139284229.56,n/a,n/a,Consumer Services,Real Estate Investment Trusts
GWW,"W.W. Grainger, Inc.",418.3,22449345315,n/a,n/a,Consumer Services,Office Equipment/Supplies/Services
WAFU,Wah Fu Education Group Limited,4.43,19407976.19,n/a,2019,Consumer Services,Other Consumer Services
WMT,Walmart Inc.,152.79,432969111397.02,n/a,n/a,Consumer Services,Department/Specialty Retail Stores
DIS,Walt Disney Company (The),148.01,267969890326.37,n/a,n/a,Consumer Services,Services-Misc. Amusement & Recreation
WSG,Wanda Sports Group Company Limited,2.27,63837053.5,28122050,2019,Consumer Services,Services-Misc. Amusement & Recreation
WMG,Warner Music Group Corp.,29.73,15163219073.22,n/a,2020,Consumer Services,Services-Misc. Amusement & Recreation
WPG,Washington Prime Group Inc.,1.02,191183531.7,n/a,2014,Consumer Services,Real Estate Investment Trusts
W,Wayfair Inc.,254.36,25295603454.4,n/a,2014,Consumer Services,Catalog/Specialty Distribution
WRI,Weingarten Realty Investors,20.91,2679475106.58,n/a,n/a,Consumer Services,Real Estate Investment Trusts
WMK,"Weis Markets, Inc.",47.63,1281172840.09,n/a,n/a,Consumer Services,Food Chains
WELL,Welltower Inc.,62.98,26281860082.8,n/a,n/a,Consumer Services,Real Estate Investment Trusts
WEN,Wendy&#39;s Company (The),21.99,4928371576.38,n/a,n/a,Consumer Services,Restaurants
WMC,Western Asset Mortgage Capital Corporation,3.07,186694992.07,n/a,2012,Consumer Services,Real Estate Investment Trusts
WY,Weyerhaeuser Company,29.04,21676123920,n/a,n/a,Consumer Services,Real Estate Investment Trusts
WHLR,"Wheeler Real Estate Investment Trust, Inc.",2.995,29059835.085,n/a,2012,Consumer Services,Real Estate Investment Trusts
WHLRD,"Wheeler Real Estate Investment Trust, Inc.",17,0,n/a,n/a,Consumer Services,Real Estate Investment Trusts
WHLRP,"Wheeler Real Estate Investment Trust, Inc.",11,0,n/a,n/a,Consumer Services,Real Estate Investment Trusts
WSR,Whitestone REIT,7.52,318504072.8,n/a,2010,Consumer Services,Real Estate Investment Trusts
WOW,"WideOpenWest, Inc.",8.19,711260705.61,n/a,2017,Consumer Services,Television Services
WHLM,"Wilhelmina International, Inc.",3.8382,19794917.7408,n/a,n/a,Consumer Services,Professional Services
WLDN,"Willdan Group, Inc.",38.88,469435137.12,n/a,2006,Consumer Services,Military/Government/Technical
WSM,"Williams-Sonoma, Inc.",109.47,8516750017.38,n/a,n/a,Consumer Services,Home Furnishings
WING,Wingstop Inc.,127.31,3779001929.15,n/a,2015,Consumer Services,Restaurants
WINA,Winmark Corporation,180,673253280,n/a,n/a,Consumer Services,Other Specialty Stores
WWE,"World Wrestling Entertainment, Inc.",43.04,3348252640.96,n/a,n/a,Consumer Services,Movies/Entertainment
WW,"WW International, Inc. ",29.51,2009441368.74,n/a,n/a,Consumer Services,Other Consumer Services
WYND,"Wyndham Destinations, Inc.",42.06,3611326530.36,n/a,n/a,Consumer Services,Hotels/Resorts
WH,"Wyndham Hotels & Resorts, Inc.",57.5,5357103765,n/a,2018,Consumer Services,Hotels/Resorts
WYNN,"Wynn Resorts, Limited",100.5,10840995501,n/a,2002,Consumer Services,Hotels/Resorts
XHR,"Xenia Hotels & Resorts, Inc.",14.09,1602465788.44,n/a,2015,Consumer Services,Hotels/Resorts
XPO,"XPO Logistics, Inc.",106.68,9752228582.88,n/a,n/a,Consumer Services,Transportation Services
XSPA,"XpresSpa Group, Inc. ",1.64,114004444.2,n/a,n/a,Consumer Services,Other Consumer Services
YTRA,"Yatra Online, Inc.",1.69,101434974.55,n/a,n/a,Consumer Services,Transportation Services
YELP,Yelp Inc.,31.94,2363435114.6,n/a,2012,Consumer Services,Other Consumer Services
DAO,"Youdao, Inc.",29.76,3326208418.56,n/a,2019,Consumer Services,Other Consumer Services
YUMC,"Yum China Holdings, Inc.",56.38,23642638117.7,n/a,2016,Consumer Services,Restaurants
YUM,"Yum! Brands, Inc.",105.8,31916488471.4,n/a,n/a,Consumer Services,Restaurants
YJ,Yunji Inc.,3.27,89343992.94,27322322,2019,Consumer Services,Other Specialty Stores
ZAGG,ZAGG Inc,3.83,114319777.98,n/a,n/a,Consumer Services,Other Specialty Stores
ZCMD,ZHONGCHAO INC.,1.825,43006252.75,n/a,2020,Consumer Services,Other Consumer Services
ZVO,Zovio Inc.,3.72,119722928.76,n/a,n/a,Consumer Services,Other Consumer Services
ZUMZ,Zumiez Inc.,37.09,943756904.5,n/a,2005,Consumer Services,Clothing/Shoe/Accessory Stores
