VNET,"21Vianet Group, Inc.",28.34,2300562754.88,81177232,2011,Technology,"Computer Software: Programming, Data Processing"
TWOU,"2U, Inc.",32.31,2328544801.98,n/a,2014,Technology,Computer Software: Prepackaged Software
DDD,3D Systems Corporation,9.15,1135898705.25,n/a,n/a,Technology,Computer Software: Prepackaged Software
JOBS,"51job, Inc.",70.5,2780719585.5,39442831,2004,Technology,Diversified Commercial Services
EGHT,8x8 Inc,19.77,2101974829.26,n/a,n/a,Technology,EDP Services
ATEN,"A10 Networks, Inc.",7.98,612133550.7,n/a,2014,Technology,Computer Communications Equipment
ABST,Absolute Software Corporation,10.3,502411216.4,n/a,2020,Technology,Computer Software: Prepackaged Software
ACIA,"Acacia Communications, Inc.",69.68,2936593223.2,n/a,2016,Technology,Semiconductors
ACIW,"ACI Worldwide, Inc.",32.58,3804090679.98,n/a,n/a,Technology,Computer Software: Prepackaged Software
ACMR,"ACM Research, Inc.",82.62,1525563758.88,n/a,2017,Technology,Industrial Machinery/Components
ATVI,"Activision Blizzard, Inc",79.48,61426689063.8,n/a,n/a,Technology,Computer Software: Prepackaged Software
ADBE,Adobe Inc.,478.47,229531141796.01,n/a,1986,Technology,Computer Software: Prepackaged Software
AMD,"Advanced Micro Devices, Inc.",92.66,111443260377.08,n/a,n/a,Technology,Semiconductors
AER,Aercap Holdings N.V.,36.76,4769853093.88,n/a,2006,Technology,Diversified Commercial Services
ACY,AeroCentury Corp.,2.14,3308191.76,n/a,n/a,Technology,Diversified Commercial Services
AGYS,"Agilysys, Inc.",37.36,881367717.68,n/a,n/a,Technology,EDP Services
AGMH,AGM Group Holdings Inc.,15.04,434521467.2,n/a,2018,Technology,EDP Services
API,"Agora, Inc.",38.45,773806250,20125000,2020,Technology,Computer Software: Prepackaged Software
AL,Air Lease Corporation,36.57,4160894592.42,n/a,2011,Technology,Diversified Commercial Services
AIRG,"Airgain, Inc.",13.28,129718468.96,n/a,2016,Technology,Radio And Television Broadcasting And Communications Equipment
ANTE,AirNet Technology Inc.,1.2,10842658.8,9035549,n/a,Technology,Advertising
KERN,Akerna Corp.,4.29,60311853.03,n/a,2018,Technology,EDP Services
KERNW,Akerna Corp.,0.5244,0,n/a,2018,Technology,EDP Services
ALRM,"Alarm.com Holdings, Inc.",75.91,3728097309.61,n/a,2015,Technology,Computer Software: Prepackaged Software
ALYA,Alithya Group inc.,2.42,140556588.7,n/a,n/a,Technology,"Computer Software: Programming, Data Processing"
ALGM,"Allegro MicroSystems, Inc.",23.95,4536890795.7,n/a,2020,Technology,Semiconductors
ALLT,Allot Ltd.,9.76,343674087.84,n/a,2006,Technology,Computer Communications Equipment
MDRX,"Allscripts Healthcare Solutions, Inc.",13.68,2161189396.08,n/a,n/a,Technology,EDP Services
AOSL,Alpha and Omega Semiconductor Limited,24.84,633107388.6,n/a,2010,Technology,Semiconductors
GOOG,Alphabet Inc.,1760.74,1191010794161.28,n/a,2004,Technology,"Computer Software: Programming, Data Processing"
GOOGL,Alphabet Inc.,1754.4,1186722251596.8,n/a,n/a,Technology,"Computer Software: Programming, Data Processing"
ALTR,Altair Engineering Inc.,53.9,3970129925.3,n/a,2017,Technology,Computer Software: Prepackaged Software
AYX,"Alteryx, Inc.",119.84,7979337518.88,n/a,2017,Technology,Computer Software: Prepackaged Software
AMBA,"Ambarella, Inc.",78.13,2704413462.01,n/a,2012,Technology,Semiconductors
DOX,Amdocs Limited,65.81,8753980390,n/a,n/a,Technology,EDP Services
AMRH,"Ameri Holdings, Inc.",1.59,11911554.96,n/a,n/a,Technology,Semiconductors
AMRHW,"Ameri Holdings, Inc.",0.0696,0,n/a,n/a,Technology,Semiconductors
AMSWA,"American Software, Inc.",16.42,533327363.42,n/a,n/a,Technology,Computer Software: Prepackaged Software
AVCT,"American Virtual Cloud Technologies, Inc. ",4.96,97393716.8,n/a,2017,Technology,EDP Services
AVCTW,"American Virtual Cloud Technologies, Inc. ",0.31,0,n/a,2017,Technology,EDP Services
AMST,Amesite Inc.,4.52,92297012.36,n/a,2020,Technology,Computer Software: Prepackaged Software
AMKR,"Amkor Technology, Inc.",14.74,3573656236.26,n/a,1998,Technology,Semiconductors
AMN,AMN Healthcare Services Inc,65.16,3064529013.12,n/a,n/a,Technology,Professional Services
ASYS,"Amtech Systems, Inc.",6.17,86769771.24,n/a,n/a,Technology,Industrial Machinery/Components
ADI,"Analog Devices, Inc.",139.08,51387959752.92,n/a,n/a,Technology,Semiconductors
PLAN,"Anaplan, Inc.",69.99,9782607424.98,n/a,2018,Technology,Computer Software: Prepackaged Software
ANSS,"ANSYS, Inc.",338.06,29033987973.62,n/a,1996,Technology,Computer Software: Prepackaged Software
APPF,"AppFolio, Inc.",162.93,5593091670.84,n/a,2015,Technology,Computer Software: Prepackaged Software
APPN,Appian Corporation,140,9806844880,n/a,2017,Technology,Computer Software: Prepackaged Software
AAPL,Apple Inc.,119.05,2064010327000,n/a,1980,Technology,Computer Manufacturing
AMAT,"Applied Materials, Inc.",82.48,75327562374.72,n/a,1972,Technology,Semiconductors
AAOI,"Applied Optoelectronics, Inc.",8.31,190932604.26,n/a,2013,Technology,Semiconductors
ANET,"Arista Networks, Inc.",270.7,20481558304.8,n/a,2014,Technology,Computer Communications Equipment
ARW,"Arrow Electronics, Inc.",91.65,6923715930.3,n/a,n/a,Technology,Electronic Components
ASAN,"Asana, Inc.",27.95,5827900114.4,n/a,2020,Technology,Computer Software: Prepackaged Software
ASX,"ASE Technology Holding Co., Ltd.",5.32,11346469751.12,n/a,2018,Technology,Semiconductors
ASGN,ASGN Incorporated,78.18,4135722000,n/a,1992,Technology,Professional Services
ASML,ASML Holding N.V.,437.73,33414573038.28,76336036,1995,Technology,Industrial Machinery/Components
AZPN,"Aspen Technology, Inc.",134.45,9104778139.4,n/a,1994,Technology,EDP Services
ALOT,"AstroNova, Inc.",10.03,71899292.72,n/a,1983,Technology,Computer peripheral equipment
ASUR,Asure Software Inc,7.74,123122517.48,n/a,n/a,Technology,EDP Services
TEAM,Atlassian Corporation Plc,225.05,56082904248.7,n/a,2015,Technology,Computer Software: Prepackaged Software
ATOM,Atomera Incorporated,9.38,201250488.88,n/a,2016,Technology,Semiconductors
AUUD,Auddia Inc.,n/a,0,n/a,n/a,Technology,EDP Services
AUUDW,Auddia Inc.,n/a,0,n/a,n/a,Technology,EDP Services
AEYE,"AudioEye, Inc.",16.84,168738955.52,n/a,n/a,Technology,Computer Software: Prepackaged Software
JG,Aurora Mobile Limited,3.69,154197395.28,41787912,2018,Technology,"Computer Software: Programming, Data Processing"
ADSK,"Autodesk, Inc.",280.23,61448605452.09,n/a,n/a,Technology,Computer Software: Prepackaged Software
ATHM,Autohome Inc.,94.42,11243273850.58,n/a,2013,Technology,EDP Services
ADP,"Automatic Data Processing, Inc.",173.88,74562178146.12,n/a,n/a,Technology,EDP Services
AUTO,"AutoWeb, Inc.",3.22,42404836.88,n/a,n/a,Technology,"Computer Software: Programming, Data Processing"
AVLR,"Avalara, Inc.",171.75,14525047094.25,n/a,2018,Technology,Computer Software: Prepackaged Software
AVNW,"Aviat Networks, Inc.",36.12,197267140.56,n/a,n/a,Technology,Radio And Television Broadcasting And Communications Equipment
AVID,"Avid Technology, Inc.",12.15,537128645.85,n/a,1993,Technology,Computer Software: Prepackaged Software
AVT,"Avnet, Inc.",30.35,2999470347.6,n/a,n/a,Technology,Electronic Components
AWRE,"Aware, Inc.",3.07,65843327.66,n/a,1996,Technology,Computer Software: Prepackaged Software
ACLS,"Axcelis Technologies, Inc.",26.98,903722241.88,n/a,2000,Technology,Industrial Machinery/Components
AXTI,AXT Inc,9.75,402675000,n/a,1998,Technology,Semiconductors
BOSC,B.O.S. Better Online Solutions,2.9,12522200,n/a,n/a,Technology,Computer Communications Equipment
BIDU,"Baidu, Inc.",138.99,39082773227.4,281191260,2005,Technology,"Computer Software: Programming, Data Processing"
BAND,Bandwidth Inc.,151.78,3676415463.56,n/a,2017,Technology,Computer Software: Prepackaged Software
BBSI,"Barrett Business Services, Inc.",66.71,510086274.04,n/a,1993,Technology,Professional Services
BEEM,Beam Global,34.25,240570321.75,n/a,n/a,Technology,Semiconductors
BEEMW,Beam Global,27.77,0,n/a,n/a,Technology,Semiconductors
BHE,"Benchmark Electronics, Inc.",24.32,887060691.2,n/a,n/a,Technology,Electrical Products
BNFT,"Benefitfocus, Inc.",14.39,463376419.2,n/a,2013,Technology,Computer Software: Prepackaged Software
BSY,"Bentley Systems, Incorporated",35.27,9578625824.06,n/a,2020,Technology,Computer Software: Prepackaged Software
BGSF,BG Staffing Inc,12.75,131541979.5,n/a,n/a,Technology,Professional Services
BIGC,"BigCommerce Holdings, Inc.",80.66,5469291729.06,n/a,2020,Technology,Computer Software: Prepackaged Software
BILI,Bilibili Inc.,62.86,10760130463.18,171176113,2018,Technology,EDP Services
BILL,"Bill.com Holdings, Inc.",122.71,9959718864.48,n/a,2019,Technology,Computer Software: Prepackaged Software
BKYI,"BIO-key International, Inc.",3.47,27022625,n/a,n/a,Technology,Computer Communications Equipment
BKTI,BK Technologies Corporation,3.05,38161496.3,n/a,n/a,Technology,Radio And Television Broadcasting And Communications Equipment
BKI,"Black Knight, Inc.",91.62,14387025473.82,n/a,2017,Technology,Computer Software: Prepackaged Software
BLKB,"Blackbaud, Inc.",55.09,2730721172.76,n/a,2004,Technology,Computer Software: Prepackaged Software
BB,BlackBerry Limited,5.87,3266733417.33,n/a,n/a,Technology,Computer Software: Prepackaged Software
BL,"BlackLine, Inc.",122.9,7036636058.8,n/a,2016,Technology,Computer Software: Prepackaged Software
BDR,"Blonder Tongue Laboratories, Inc.",1.14,11542705.2,n/a,n/a,Technology,Radio And Television Broadcasting And Communications Equipment
BLCT,BlueCity Holdings Limited,13.79,73087000,5300000,2020,Technology,EDP Services
BRQS,"Borqs Technologies, Inc. ",1.09,48116043.31,n/a,2015,Technology,EDP Services
EPAY,"Bottomline Technologies, Inc.",45.64,2058984338.88,n/a,1999,Technology,Computer Software: Prepackaged Software
BOX,"Box, Inc.",18.69,2925822050.34,n/a,2015,Technology,Computer Software: Prepackaged Software
BLIN          ,"Bridgeline Digital, Inc.",2.69,11890257.3,n/a,n/a,Technology,Computer Software: Prepackaged Software
BCOV,Brightcove Inc.,16.7,664754221.4,n/a,2012,Technology,EDP Services
AVGO,Broadcom Inc.,401.58,162439644502.98,n/a,2009,Technology,Semiconductors
AVGOP,Broadcom Inc.,1330.71,0,n/a,n/a,Technology,Semiconductors
BRKS,"Brooks Automation, Inc.",72.99,5388986074.59,n/a,1995,Technology,Industrial Machinery/Components
CACI,"CACI International, Inc.",237.29,5984169526.58,n/a,n/a,Technology,EDP Services
CDNS,"Cadence Design Systems, Inc.",116.3,32439675300,n/a,n/a,Technology,Computer Software: Prepackaged Software
CAI,"CAI International, Inc.",31.65,561548320.95,n/a,n/a,Technology,Diversified Commercial Services
CAMP,CalAmp Corp.,9.12,319381697.76,n/a,1983,Technology,Radio And Television Broadcasting And Communications Equipment
CMBM,Cambium Networks Corporation,27.06,695678747.94,n/a,2019,Technology,Radio And Television Broadcasting And Communications Equipment
CAN,Canaan Inc.,5,252422320,50484464,2019,Technology,Semiconductors
CSIQ,Canadian Solar Inc.,42.76,2524622536.12,n/a,2006,Technology,Semiconductors
CANG,Cango Inc.,8.58,1295351677.62,n/a,2018,Technology,Computer Software: Prepackaged Software
CDLX,"Cardlytics, Inc.",118.68,3259474873.32,n/a,2018,Technology,"Computer Software: Programming, Data Processing"
CARG,"CarGurus, Inc.",25.05,2836591434.15,n/a,2017,Technology,EDP Services
CARS,Cars.com Inc.,11.17,752704144.42,n/a,2017,Technology,EDP Services
CASA,"Casa Systems, Inc.",5.31,443513512.62,n/a,2017,Technology,Radio And Television Broadcasting And Communications Equipment
CSLT,"Castlight Health, inc.",1.26,193762250.64,n/a,2014,Technology,EDP Services
PCPL,CC Neuberger Principal Holdings I,10.33,586227500,n/a,2020,Technology,EDP Services
CLS,"Celestica, Inc.",7.53,971790603.21,n/a,1998,Technology,Electrical Products
CRNT,Ceragon Networks Ltd.,2.7,219076828.2,n/a,n/a,Technology,Radio And Television Broadcasting And Communications Equipment
CRNC,Cerence Inc.,90.75,3396485004,n/a,n/a,Technology,Computer Software: Prepackaged Software
CDAY,Ceridian HCM Holding Inc.,96.42,14251165549.26,n/a,2018,Technology,Computer Software: Prepackaged Software
CERN,Cerner Corporation,74.84,22945187966.32,n/a,1986,Technology,EDP Services
CEVA,"CEVA, Inc.",39.28,873988523.76,n/a,n/a,Technology,Semiconductors
CHX,ChampionX Corporation,11.88,2374019972.28,n/a,2018,Technology,Industrial Machinery/Components
CHNG,Change Healthcare Inc.,17.13,5215267213.8,n/a,2019,Technology,EDP Services
CHNGU,Change Healthcare Inc.,61.4,0,n/a,2019,Technology,EDP Services
ECOM          ,ChannelAdvisor Corporation,14.75,427752212.5,n/a,2013,Technology,Computer Software: Prepackaged Software
CHKP,Check Point Software Technologies Ltd.,117.68,16498746826.56,n/a,1996,Technology,Computer Software: Prepackaged Software
CMCM,Cheetah Mobile Inc.,2.38,332740693.32,n/a,2014,Technology,Computer Software: Prepackaged Software
CVR,Chicago Rivet & Machine Co.,21.2435,20524025.142,n/a,n/a,Technology,Industrial Machinery/Components
CIH,China Index Holdings Limited,2.08,133852975.36,64352392,n/a,Technology,EDP Services
IMOS,ChipMOS TECHNOLOGIES INC.,22.03,100520334.52,4562884,n/a,Technology,Semiconductors
CRUS,"Cirrus Logic, Inc.",80.1,4642989050.7,n/a,1989,Technology,Semiconductors
CSCO,"Cisco Systems, Inc.",43.02,181781629531.02,n/a,1990,Technology,Computer Communications Equipment
CTXS,"Citrix Systems, Inc.",123.92,15257473042.24,n/a,1995,Technology,Computer Software: Prepackaged Software
CCC,Clarivate Plc,27.44,16627452149.84,n/a,2019,Technology,EDP Services
CLSK,"CleanSpark, Inc.",10.9,189161619.3,n/a,n/a,Technology,EDP Services
CLDR,"Cloudera, Inc.",11.68,3650764199.04,n/a,2017,Technology,Computer Software: Prepackaged Software
NET,"Cloudflare, Inc.",75.08,23072158028.88,n/a,2019,Technology,Computer Software: Prepackaged Software
CLPS,CLPS Incorporation,3.28,52785853.44,n/a,2018,Technology,Computer Software: Prepackaged Software
CCMP,"CMC Materials, Inc.",154.28,4486711870.76,n/a,2000,Technology,Semiconductors
CTSH,Cognizant Technology Solutions Corporation,78.13,41771504220.81,n/a,1998,Technology,EDP Services
COMM,"CommScope Holding Company, Inc.",11.85,2353938877.35,n/a,2013,Technology,Radio And Television Broadcasting And Communications Equipment
CVLT,"Commvault Systems, Inc.",47.76,2250944608.56,n/a,2006,Technology,Computer Software: Prepackaged Software
CPSI,"Computer Programs and Systems, Inc.",28.43,412579145.15,n/a,2002,Technology,EDP Services
CTG,"Computer Task Group, Incorporated",6.89,104645009.95,n/a,n/a,Technology,EDP Services
CMTL,Comtech Telecommunications Corp.,19.06,476698910.16,n/a,n/a,Technology,Radio And Television Broadcasting And Communications Equipment
CTK,CooTek (Cayman) Inc.,4.96,306563349.92,n/a,2018,Technology,EDP Services
CLGX,"CoreLogic, Inc.",77.5,6027848320,n/a,n/a,Technology,EDP Services
CSOD,"Cornerstone OnDemand, Inc.",44.15,2852220507.4,n/a,2011,Technology,Computer Software: Prepackaged Software
CRSR,"Corsair Gaming, Inc.",37.98,3491280698.22,n/a,2020,Technology,Computer peripheral equipment
CPAH,CounterPath Corporation,2.9092,18653290.0176,n/a,n/a,Technology,Computer Software: Prepackaged Software
COUP,Coupa Software Incorporated,328.91,23435459468.81,n/a,2016,Technology,Computer Software: Prepackaged Software
CREX,"Creative Realities, Inc.",1.24,13546115.88,n/a,n/a,Technology,EDP Services
CREXW,"Creative Realities, Inc.",0.1385,0,n/a,n/a,Technology,EDP Services
CREE,"Cree, Inc.",90.39,9973632600,n/a,1993,Technology,Semiconductors
CRTO,Criteo S.A.,19.37,1175612601.54,60692442,2013,Technology,Advertising
CCRN,"Cross Country Healthcare, Inc.",8.7,326801440.8,n/a,2001,Technology,Professional Services
CRWD,"CrowdStrike Holdings, Inc.",153.28,33637105626.24,n/a,2019,Technology,Computer Software: Prepackaged Software
CSGS,"CSG Systems International, Inc.",43.38,1429193402.28,n/a,1996,Technology,EDP Services
CSPI,CSP Inc.,7.9899,34171316.1786,n/a,1982,Technology,EDP Services
CTS,CTS Corporation,30.46,982881787.46,n/a,n/a,Technology,Electrical Products
CW,Curtiss-Wright Corporation,115.26,4783523516.76,n/a,n/a,Technology,Industrial Machinery/Components
CVV,CVD Equipment Corporation,4.72,31380910.56,n/a,n/a,Technology,Industrial Machinery/Components
CYBR,CyberArk Software Ltd.,114.87,4449071897.55,n/a,2014,Technology,Computer Software: Prepackaged Software
CYRN,CYREN Ltd.,0.94,57264332.82,n/a,n/a,Technology,Computer Software: Prepackaged Software
DADA,Dada Nexus Limited,57.95,1296508801.65,22372887,2020,Technology,"Computer Software: Programming, Data Processing"
DQ,DAQO New Energy Corp.,43.02,2989194366.6,n/a,2010,Technology,Semiconductors
DDOG,"Datadog, Inc.",98.92,30124339963.08,n/a,2019,Technology,Computer Software: Prepackaged Software
DTSS,Datasea Inc.,2.23,46704776.58,n/a,n/a,Technology,Computer Software: Prepackaged Software
MSP,Datto Holding Corp.,27.89,4489164275.93,n/a,2020,Technology,Computer Software: Prepackaged Software
DELL,Dell Technologies Inc.,69.03,51545888937.27,n/a,2018,Technology,Computer Manufacturing
DGII,Digi International Inc.,17.16,501792685.68,n/a,1989,Technology,Computer Communications Equipment
DMRC,Digimarc Corporation,42.03,643717315.89,n/a,n/a,Technology,EDP Services
DGLY,"Digital Ally, Inc.",2.53,67734908.23,n/a,n/a,Technology,Radio And Television Broadcasting And Communications Equipment
DIOD,Diodes Incorporated,67.96,3536771805.48,n/a,n/a,Technology,Semiconductors
DRTT,DIRTT Environmental Solutions Ltd.,1.67,141417877.88,n/a,n/a,Technology,Computer Software: Prepackaged Software
DLHC,DLH Holdings Corp.,9.12,112672182.72,n/a,n/a,Technology,Professional Services
DOCU,"DocuSign, Inc.",227.88,42195374905.32,n/a,2018,Technology,Computer Software: Prepackaged Software
DOMO,"Domo, Inc.",37.99,1112007721.36,n/a,2018,Technology,Computer Software: Prepackaged Software
DOYU,DouYu International Holdings Limited,13.26,1200294934.8,90519980,2019,Technology,"Computer Software: Programming, Data Processing"
DOV,Dover Corporation,122.03,17584925576.97,n/a,n/a,Technology,Industrial Machinery/Components
DBX,"Dropbox, Inc.",19.97,8259936242.86,n/a,2018,Technology,Computer Software: Prepackaged Software
DSPG,"DSP Group, Inc.",16.83,397139176.17,n/a,1994,Technology,Semiconductors
DCT,"Duck Creek Technologies, Inc.",39.76,5201922068,n/a,2020,Technology,Computer Software: Prepackaged Software
DUOT,"Duos Technologies Group, Inc.",4.49,15867727.35,n/a,n/a,Technology,Computer Software: Prepackaged Software
DXC,DXC Technology Company,21.91,5574170381.78,n/a,n/a,Technology,EDP Services
DT,"Dynatrace, Inc.",38.02,10725309500.3,n/a,2019,Technology,Computer Software: Prepackaged Software
ESSC,East Stone Acquisition Corporation,9.97,176503895,n/a,2020,Technology,"Computer Software: Programming, Data Processing"
ESSCR,East Stone Acquisition Corporation,0.27,0,n/a,2020,Technology,"Computer Software: Programming, Data Processing"
ESSCU,East Stone Acquisition Corporation,10.4187,0,n/a,2020,Technology,"Computer Software: Programming, Data Processing"
ESSCW,East Stone Acquisition Corporation,0.3098,0,n/a,2020,Technology,"Computer Software: Programming, Data Processing"
ETN,"Eaton Corporation, PLC",121.11,48274446000,n/a,n/a,Technology,Industrial Machinery/Components
EBON,Ebang International Holdings Inc.,4.88,639452444.56,n/a,2020,Technology,Semiconductors
EBIX,"Ebix, Inc.",34.01,1053036631.59,n/a,n/a,Technology,EDP Services
SATS,EchoStar Corporation,23.77,2332919961.2,n/a,n/a,Technology,Radio And Television Broadcasting And Communications Equipment
EGAN,eGain Corporation,11.34,350735857.92,n/a,1999,Technology,Computer Software: Prepackaged Software
ESTC,Elastic N.V.,123.8,10743914662.4,n/a,2018,Technology,Computer Software: Prepackaged Software
EA,Electronic Arts Inc.,127.75,37028865618.5,n/a,n/a,Technology,Computer Software: Prepackaged Software
ELTK,Eltek Ltd.,4.79,20981483.72,n/a,1997,Technology,Electrical Products
ELYS,"Elys Game Technology, Corp. ",2.5,41662747.5,n/a,n/a,Technology,Computer Software: Prepackaged Software
EMAN,eMagin Corporation,1.2,80999522.4,n/a,n/a,Technology,Semiconductors
EMKR,EMCORE Corporation,4.345,127778138.015,n/a,1997,Technology,Semiconductors
DAVA,Endava plc,62.79,3460818092.55,n/a,2018,Technology,EDP Services
EIGI,"Endurance International Group Holdings, Inc.",9.48,1342878763.44,n/a,2013,Technology,Computer Software: Prepackaged Software
WATT,Energous Corporation,1.93,85975185.04,n/a,2014,Technology,Radio And Television Broadcasting And Communications Equipment
ERII,"Energy Recovery, Inc.",10.67,598589976.93,n/a,2008,Technology,Industrial Machinery/Components
EPAC,Enerpac Tool Group Corp.,22.39,1338926701.9,n/a,n/a,Technology,Industrial Machinery/Components
ENPH,"Enphase Energy, Inc.",136.57,17253238675.19,n/a,2012,Technology,Semiconductors
EPAM,"EPAM Systems, Inc.",322.33,18046911484.57,n/a,2012,Technology,EDP Services
PLUS,ePlus inc.,84.31,1138793212.34,n/a,1996,Technology,Retail: Computer Software & Peripheral Equipment
ERIC,Ericsson,12.24,4616548560,377169000,n/a,Technology,Radio And Television Broadcasting And Communications Equipment
EB,"Eventbrite, Inc.",16.77,1536900468.48,n/a,2018,Technology,"Computer Software: Programming, Data Processing"
EVBG,"Everbridge, Inc.",126.94,4437307658.3,n/a,2016,Technology,Computer Software: Prepackaged Software
EVER,"EverQuote, Inc.",37.66,1046060278.48,n/a,2018,Technology,"Computer Software: Programming, Data Processing"
MRAM,"Everspin Technologies, Inc.",5.46,103770570.54,n/a,2016,Technology,Semiconductors
EVTC,"Evertec, Inc.",37.17,2672782558.11,n/a,2013,Technology,EDP Services
EVOL,"Evolving Systems, Inc.",1.65,20122476,n/a,1998,Technology,EDP Services
AQUA,Evoqua Water Technologies Corp.,26.09,3085831745.62,n/a,2017,Technology,Industrial Machinery/Components
EXTN,Exterran Corporation,4.24,140458374,n/a,2015,Technology,Diversified Commercial Services
EXTR,"Extreme Networks, Inc.",5.62,691333829.94,n/a,1999,Technology,Computer Communications Equipment
FFIV,"F5 Networks, Inc.",162.81,10029601036.62,n/a,1999,Technology,Computer Communications Equipment
FB,"Facebook, Inc.",276.97,788891621086.87,n/a,2012,Technology,"Computer Software: Programming, Data Processing"
FDS,FactSet Research Systems Inc.,333.76,12680173873.92,n/a,1996,Technology,"Computer Software: Programming, Data Processing"
SFUN,Fang Holdings Limited,14,126073038,n/a,2010,Technology,EDP Services
FSLY,"Fastly, Inc.",84.77,9621395000,n/a,2019,Technology,Computer Software: Prepackaged Software
FEYE,"FireEye, Inc.",15.03,3525016651.38,n/a,2013,Technology,Computer peripheral equipment
FSLR,"First Solar, Inc.",93.43,9901353469.67,n/a,2006,Technology,Semiconductors
FISV,"Fiserv, Inc.",115.18,77221039395.24,n/a,1986,Technology,EDP Services
FIT,"Fitbit, Inc.",7.18,1956322767.36,n/a,2015,Technology,Computer Manufacturing
FIVN,"Five9, Inc.",155.2,10240339198.4,n/a,2014,Technology,EDP Services
FLEX,Flex Ltd.,16.23,8133793739.49,n/a,1994,Technology,Electrical Products
FPAY,"FlexShopper, Inc.",1.89,40370296.05,n/a,n/a,Technology,Diversified Commercial Services
FEAC,Flying Eagle Acquisition Corp.,15.5,1336875000,n/a,2020,Technology,EDP Services
FRSX,Foresight Autonomous Holdings Ltd.,1.2,28156124.4,23463437,n/a,Technology,Computer Software: Prepackaged Software
FORM,"FormFactor, Inc.",41,3172907877,n/a,2003,Technology,Semiconductors
FORTY,Formula Systems (1985) Ltd.,79.5,10714692,134776,n/a,Technology,EDP Services
FTNT,"Fortinet, Inc.",123.23,20004181602.25,n/a,2009,Technology,Computer peripheral equipment
GAN,GAN Limited,16.25,470126458.75,n/a,2020,Technology,"Computer Software: Programming, Data Processing"
GTES,Gates Industrial Corporation plc,12.88,3745375212.88,n/a,2018,Technology,Industrial Machinery/Components
GDS,GDS Holdings Limited,90.03,9403192893.18,104445106,2016,Technology,"Computer Software: Programming, Data Processing"
JOB,GEE Group Inc.,1.04,18373807.92,n/a,n/a,Technology,Diversified Commercial Services
GFN,General Finance Corporation,8.14,245626331.5,n/a,n/a,Technology,Diversified Commercial Services
GFNCP,General Finance Corporation,100.2,0,n/a,n/a,Technology,Diversified Commercial Services
GFNSL,General Finance Corporation,25.3984,0,n/a,n/a,Technology,Diversified Commercial Services
GFNSZ,General Finance Corporation,25.881,0,n/a,n/a,Technology,Diversified Commercial Services
GIGM,GigaMedia Limited,2.8564,31569604.054,n/a,n/a,Technology,"Computer Software: Programming, Data Processing"
GILT,Gilat Satellite Networks Ltd.,6.06,336601257.72,n/a,n/a,Technology,Radio And Television Broadcasting And Communications Equipment
GB,Global Blue Group Holding AG,11.5,1929985154,n/a,2000,Technology,EDP Services
GLOB,Globant S.A.,188.68,7464159479.16,n/a,2014,Technology,EDP Services
GSMG,Glory Star New Media Group Holdings Limited,2.69,154873699.54,n/a,2018,Technology,EDP Services
GSMGW,Glory Star New Media Group Holdings Limited,0.082,0,n/a,2018,Technology,EDP Services
GLUU,Glu Mobile Inc.,10.11,1738900154.07,n/a,2007,Technology,EDP Services
GDDY,GoDaddy Inc.,79.54,13434075890.78,n/a,2015,Technology,EDP Services
GDRX,"GoodRx Holdings, Inc.",37.7,14713638826.9,n/a,2020,Technology,EDP Services
GHM,Graham Corporation,15.79,157535140.47,n/a,n/a,Technology,Industrial Machinery/Components
GEC,"Great Elm Capital Group, Inc. ",2.62,69155759.36,n/a,n/a,Technology,Computer Software: Prepackaged Software
GTEC,Greenland Technologies Holding Corporation,5.72,58093132.24,n/a,2018,Technology,Industrial Machinery/Components
GRNQ,Greenpro Capital Corp.,1.54,91173132.82,n/a,n/a,Technology,EDP Services
GDYN,"Grid Dynamics Holdings, Inc.",10.79,548575220.83,n/a,2018,Technology,Computer Software: Prepackaged Software
GDYNW,"Grid Dynamics Holdings, Inc.",2.8,0,n/a,2018,Technology,Computer Software: Prepackaged Software
GSUM,Gridsum Holding Inc.,1.72,37487202.2,21794885,2016,Technology,Computer Software: Prepackaged Software
GRPN,"Groupon, Inc.",30.16,868989674.8,n/a,2011,Technology,Advertising
GVP,"GSE Systems, Inc.",1.19,24539481.47,n/a,n/a,Technology,Computer Software: Prepackaged Software
GSIT,"GSI Technology, Inc.",6.64,156979068.64,n/a,2007,Technology,Semiconductors
GTYH,"GTY Technology Holdings, Inc.",3.58,191698388.88,n/a,2016,Technology,EDP Services
GWRE,"Guidewire Software, Inc.",122.48,10262812560.16,n/a,2012,Technology,Computer Software: Prepackaged Software
HLIT,Harmonic Inc.,6.53,638292898.92,n/a,1995,Technology,Radio And Television Broadcasting And Communications Equipment
HHR,HeadHunter Group PLC,24.41,465446462.6,19067860,2019,Technology,Professional Services
HCAT,"Health Catalyst, Inc",35.65,1515070419.85,n/a,2019,Technology,"Computer Software: Programming, Data Processing"
HSTM,"HealthStream, Inc.",18.68,591743900.52,n/a,2000,Technology,"Computer Software: Programming, Data Processing"
HSII,"Heidrick & Struggles International, Inc.",26.1,505285194.6,n/a,1999,Technology,Diversified Commercial Services
HPE,Hewlett Packard Enterprise Company,11.04,14201674535.52,n/a,2015,Technology,Retail: Computer Software & Peripheral Equipment
HIMX,"Himax Technologies, Inc.",6.59,683190829.01,103670839,2006,Technology,Semiconductors
HQI,"HireQuest, Inc.",9.4,127798480.2,n/a,n/a,Technology,Professional Services
HKIT,Hitek Global Inc.,n/a,0,n/a,n/a,Technology,Computer Software: Prepackaged Software
HPQ,HP Inc.,21.93,30120783398.55,n/a,n/a,Technology,Computer Manufacturing
HMI,Huami Corporation,12.46,771891368.08,n/a,2018,Technology,Computer Manufacturing
HUBS,"HubSpot, Inc.",394.33,18094866771.92,n/a,2014,Technology,Computer Software: Prepackaged Software
HSON,"Hudson Global, Inc.",10.17,27306155.07,n/a,n/a,Technology,Professional Services
HUYA,HUYA Inc.,20.69,4868305295.69,n/a,2018,Technology,"Computer Software: Programming, Data Processing"
IBEX,IBEX Limited,19.9,365924523.3,n/a,2020,Technology,EDP Services
ICHR,Ichor Holdings,31.9,738881995.5,n/a,2016,Technology,Semiconductors
ICLK,iClick Interactive Asia Group Limited,7.19,303070737.38,42151702,2017,Technology,Computer Software: Prepackaged Software
INVE,"Identiv, Inc.",6.89,124159005.75,n/a,n/a,Technology,Computer peripheral equipment
IEC,IEC Electronics Corp.,9.91,104085552.53,n/a,n/a,Technology,Electrical Products
INFO,IHS Markit Ltd.,99.46,39620742974.36,n/a,1996,Technology,"Computer Software: Programming, Data Processing"
INFO,IHS Markit Ltd.,99.46,39620742974.36,n/a,1996,Technology,"Computer Software: Programming, Data Processing"
ITW,Illinois Tool Works Inc.,211.09,66814261894.49,n/a,n/a,Technology,Industrial Machinery/Components
IMMR,Immersion Corporation,8.56,230581618.8,n/a,1999,Technology,Computer peripheral equipment
IGC,India Globalization Capital Inc.,2.29,94586995.85,n/a,n/a,Technology,Electronic Components
INFY,Infosys Limited,15.22,64572272811.26,n/a,n/a,Technology,EDP Services
IR,Ingersoll Rand Inc.,44.27,18489614740.1,n/a,2017,Technology,Industrial Machinery/Components
INOD,Innodata Inc.,5.2,128661998.4,n/a,1993,Technology,EDP Services
ISSC,"Innovative Solutions and Support, Inc.",6.67,113286121.42,n/a,2000,Technology,EDP Services
INOV,"Inovalon Holdings, Inc.",18.67,2901313407.18,n/a,2015,Technology,EDP Services
IPHI,Inphi Corporation,155.13,8084193199.14,n/a,2010,Technology,Semiconductors
INPX,Inpixon ,1.11,47144793.57,n/a,2014,Technology,EDP Services
NSP,"Insperity, Inc.",85.5,3279279568.5,n/a,n/a,Technology,Professional Services
INSE,"Inspired Entertainment, Inc.",6.65,153146121.8,n/a,2014,Technology,Computer Software: Prepackaged Software
INTC,Intel Corporation,48.35,198138300000,n/a,n/a,Technology,Semiconductors
IDN,"Intellicheck, Inc.",9.82,180783528.96,n/a,1999,Technology,Computer Software: Prepackaged Software
INS,Intelligent Systems Corporation,39.27,350656281.36,n/a,1992,Technology,Computer Software: Prepackaged Software
IBM,International Business Machines Corporation,123.52,110063374968.32,n/a,n/a,Technology,Computer Manufacturing
IPG,"Interpublic Group of Companies, Inc. (The)",22.28,8689972960.04,n/a,n/a,Technology,Advertising
IVAC,"Intevac, Inc.",6.02,143598810.46,n/a,1995,Technology,Industrial Machinery/Components
INTZ,Intrusion Inc.,12.12,210818661.48,n/a,n/a,Technology,Computer Communications Equipment
INTU,Intuit Inc.,352.02,92491784612.46,n/a,1993,Technology,Computer Software: Prepackaged Software
IPGP,IPG Photonics Corporation,207.01,11033769626.6,n/a,2006,Technology,Semiconductors
ITRN,Ituran Location and Control Ltd.,18.39,431713176.09,n/a,2005,Technology,Electronic Components
JCOM,"j2 Global, Inc.",89.61,4010816622.63,n/a,1999,Technology,Telecommunications Equipment
JBL,Jabil Inc.,38.22,5715814759.2,n/a,1993,Technology,Electrical Products
JKHY,"Jack Henry & Associates, Inc.",160.86,12276219106.2,n/a,1985,Technology,EDP Services
JAMF,Jamf Holding Corp.,31.7,3696105404.5,n/a,2020,Technology,Computer Software: Prepackaged Software
FROG,JFrog Ltd.,70.36,6416352144.8,n/a,2020,Technology,Computer Software: Prepackaged Software
JT,Jianpu Technology Inc.,2.84,60021091.08,n/a,2017,Technology,"Computer Software: Programming, Data Processing"
JKS,JinkoSolar Holding Company Limited,69.04,3070271902.56,n/a,2010,Technology,Semiconductors
JBT,John Bean Technologies Corporation,110.56,3507980462.56,n/a,n/a,Technology,Industrial Machinery/Components
YY,JOYY Inc.,89.07,4984590919.68,55962624,2012,Technology,EDP Services
JNPR,"Juniper Networks, Inc.",21.77,7178360861.98,n/a,1999,Technology,Computer Communications Equipment
KAI,Kadant Inc,127.91,1472187819.6,n/a,n/a,Technology,Industrial Machinery/Components
KLR,"Kaleyra, Inc.",9.02,264516740.62,n/a,2018,Technology,EDP Services
KELYA,"Kelly Services, Inc.",20.46,804011709.6,n/a,n/a,Technology,Professional Services
KELYB,"Kelly Services, Inc.",21.04,826803830.4,n/a,n/a,Technology,Professional Services
KTCC,Key Tronic Corporation,7.73,83172326.4,n/a,1983,Technology,Electrical Products
KFRC,"Kforce, Inc.",41.05,901297001.9,n/a,1995,Technology,Professional Services
KE,"Kimball Electronics, Inc.",15.41,387458083.49,n/a,n/a,Technology,Electrical Products
KC,Kingsoft Cloud Holdings Limited,40.23,1383499039.05,34389735,2020,Technology,Computer Software: Prepackaged Software
KOPN,Kopin Corporation,2,170106080,n/a,1992,Technology,Semiconductors
KFY,Korn Ferry ,40.04,2193436725.48,n/a,1999,Technology,Diversified Commercial Services
KBNT,"Kubient, Inc.",4.18,32024234,n/a,2020,Technology,EDP Services
KBNTW,"Kubient, Inc.",1.1256,0,n/a,2020,Technology,EDP Services
KLIC,"Kulicke and Soffa Industries, Inc.",30.45,1888793220.3,n/a,n/a,Technology,Semiconductors
KVHI,"KVH Industries, Inc.",10.3,188517387.7,n/a,1996,Technology,Radio And Television Broadcasting And Communications Equipment
LRCX,Lam Research Corporation,452.66,65187213525.2,n/a,1984,Technology,Industrial Machinery/Components
LCA,"Landcadia Holdings II, Inc.",20,790625000,n/a,2019,Technology,Computer Software: Prepackaged Software
LCAHU,"Landcadia Holdings II, Inc.",21.5,0,n/a,2019,Technology,Computer Software: Prepackaged Software
LCAHW,"Landcadia Holdings II, Inc.",6.25,0,n/a,2019,Technology,Computer Software: Prepackaged Software
LCY,"Landcadia Holdings III, Inc.",n/a,0,n/a,2020,Technology,Computer Software: Prepackaged Software
LTRX,"Lantronix, Inc.",4.26,121797613.14,n/a,2000,Technology,Computer Communications Equipment
LSCC,Lattice Semiconductor Corporation,41.85,5698123159.5,n/a,n/a,Technology,Semiconductors
LEAF,Leaf Group Ltd.,5.64,154479960.96,n/a,n/a,Technology,EDP Services
LDOS,"Leidos Holdings, Inc.",100.7,14331722786.7,n/a,n/a,Technology,EDP Services
LTRPA,"Liberty TripAdvisor Holdings, Inc.",2.75,206581003.75,n/a,n/a,Technology,EDP Services
LTRPB,"Liberty TripAdvisor Holdings, Inc.",33,2478972045,n/a,n/a,Technology,EDP Services
LPTH,"LightPath Technologies, Inc.",3.11,81199689.75,n/a,1996,Technology,Semiconductors
LSPD,Lightspeed POS Inc.,52.05,5824985715.45,n/a,n/a,Technology,Computer Software: Prepackaged Software
LECO,"Lincoln Electric Holdings, Inc.",115,6839131880,n/a,n/a,Technology,Industrial Machinery/Components
LN,LINE Corporation,51.63,12582378093.87,n/a,2016,Technology,"Computer Software: Programming, Data Processing"
LINX,Linx S.A.,6.78,1191175474.44,n/a,2019,Technology,Computer Software: Prepackaged Software
LIQT,"LiqTech International, Inc.",7.24,156785537.64,n/a,n/a,Technology,Industrial Machinery/Components
YVR,Liquid Media Group Ltd.,1.74,17388707.4,n/a,n/a,Technology,Computer Software: Prepackaged Software
LPSN,"LivePerson, Inc.",58.42,3907432332.44,n/a,2000,Technology,Computer Software: Prepackaged Software
RAMP,"LiveRamp Holdings, Inc.",58.51,3879947476.03,n/a,2018,Technology,EDP Services
LIZI,LIZHI INC.,2.42,9922000,4100000,2020,Technology,"Computer Software: Programming, Data Processing"
LOGI,Logitech International S.A.,90.3,15274212672.6,n/a,1997,Technology,Computer peripheral equipment
LORL,"Loral Space and Communications, Inc.",22.98,710834617.98,n/a,n/a,Technology,Radio And Television Broadcasting And Communications Equipment
LKCO,Luokung Technology Corp,0.5829,117348004.5582,n/a,n/a,Technology,EDP Services
MTSI,"MACOM Technology Solutions Holdings, Inc.",44.68,3036527102.84,n/a,2012,Technology,Semiconductors
MGIC,Magic Software Enterprises Ltd.,16.53,809590719.15,n/a,1991,Technology,Computer Software: Prepackaged Software
MX,MagnaChip Semiconductor Corporation,14.04,498960189,n/a,2011,Technology,Semiconductors
MGNI,"Magnite, Inc.",19,2127220335,n/a,n/a,Technology,"Computer Software: Programming, Data Processing"
MANH,"Manhattan Associates, Inc.",102.24,6494938931.52,n/a,1998,Technology,Computer Software: Prepackaged Software
MNTX,"Manitex International, Inc.",4.46,88270598.44,n/a,n/a,Technology,Industrial Machinery/Components
MAN,ManpowerGroup,86.65,4985253339.7,n/a,n/a,Technology,Professional Services
MARA,"Marathon Patent Group, Inc.",6.28,330607271.6,n/a,n/a,Technology,EDP Services
MRIN,Marin Software Incorporated,2.12,19111800,n/a,n/a,Technology,EDP Services
MRVL,Marvell Technology Group Ltd.,46.29,31082587656.06,n/a,2000,Technology,Semiconductors
MTCH,"Match Group, Inc.",139.21,37027527397.24,n/a,n/a,Technology,"Computer Software: Programming, Data Processing"
MTLS,Materialise NV,43.56,773999911.08,17768593,2014,Technology,Computer Software: Prepackaged Software
MVNR,Mavenir plc,n/a,0,n/a,n/a,Technology,Computer Software: Prepackaged Software
MAXR,Maxar Technologies Inc.,27.81,1698487907.58,n/a,n/a,Technology,Radio And Television Broadcasting And Communications Equipment
MAXN,"Maxeon Solar Technologies, Ltd.",24.42,818004017.16,n/a,n/a,Technology,Semiconductors
MXIM,"Maxim Integrated Products, Inc.",83.04,22196691232.8,n/a,1988,Technology,Semiconductors
MXL,"MaxLinear, Inc",31.25,2317765187.5,n/a,2010,Technology,Semiconductors
MCFE,McAfee Corp.,16.05,6811461377.85,n/a,2020,Technology,Computer Software: Prepackaged Software
MGRC,McGrath RentCorp,63.64,1534443004.72,n/a,1984,Technology,Diversified Commercial Services
MDCA,MDC Partners Inc.,2.3,169123250.4,n/a,n/a,Technology,Advertising
MDLA,"Medallia, Inc.",34.99,5146422413.36,n/a,2019,Technology,"Computer Software: Programming, Data Processing"
MFH,Mercurity Fintech Holding Inc.,2.81,5125364.13,1823973,2015,Technology,EDP Services
MFGP,Micro Focus Intl PLC,4.58,1533845435,n/a,2017,Technology,Computer Software: Prepackaged Software
MCHP,Microchip Technology Incorporated,134.39,34991951873.62,n/a,1993,Technology,Semiconductors
MU,"Micron Technology, Inc.",64.09,71346385097.91,n/a,n/a,Technology,Semiconductors
MSFT,Microsoft Corporation,214.07,1618475372083.83,n/a,1986,Technology,Computer Software: Prepackaged Software
MSTR,MicroStrategy Incorporated,342.77,3176445819.53,n/a,1998,Technology,Computer Software: Prepackaged Software
MIME,Mimecast Limited,44.98,2873875114.24,n/a,2015,Technology,Computer Software: Prepackaged Software
MNDO,MIND C.T.I. Ltd.,2.43,48348072.18,n/a,n/a,Technology,EDP Services
MITK,"Mitek Systems, Inc.",11.78,492166668.34,n/a,n/a,Technology,Computer peripheral equipment
MIXT,MiX Telematics Limited,9.97,219764173.65,n/a,2013,Technology,Computer Software: Prepackaged Software
MOBL,"MobileIron, Inc.",7.04,834833577.6,n/a,2014,Technology,Computer Software: Prepackaged Software
MODN,"Model N, Inc.",34.46,1199941274.34,n/a,2013,Technology,"Computer Software: Programming, Data Processing"
MOMO,Momo Inc.,14.38,2281463487.22,158655319,2014,Technology,Computer Software: Prepackaged Software
MDB,"MongoDB, Inc.",287.31,16913651528.07,n/a,2017,Technology,Computer Software: Prepackaged Software
MPWR,"Monolithic Power Systems, Inc.",319.96,14429236120,n/a,2004,Technology,Semiconductors
MOSY,"MoSys, Inc.",1.45,5153566.8,n/a,2001,Technology,Semiconductors
MSI,"Motorola Solutions, Inc.",171.53,29078256175.8,n/a,n/a,Technology,Radio And Television Broadcasting And Communications Equipment
MOXC,"Moxian, Inc.",1.27,20563241.83,n/a,n/a,Technology,"Computer Software: Programming, Data Processing"
MTBC,"MTBC, Inc.",10.4,137147098.4,n/a,2014,Technology,Computer Software: Prepackaged Software
MTBCP,"MTBC, Inc.",25.899,0,n/a,n/a,Technology,Computer Software: Prepackaged Software
MYSZ,"My Size, Inc.",1.12,8100776.32,n/a,n/a,Technology,Computer Software: Prepackaged Software
NNDM,Nano Dimension Ltd.,6.4,296685920,46357175,n/a,Technology,Electrical Products
NH,"NantHealth, Inc.",2.3,255792505.9,n/a,2016,Technology,EDP Services
NATI,National Instruments Corporation,37.43,4912524305.2,n/a,1995,Technology,Computer Software: Prepackaged Software
NCNO,"nCino, Inc.",81.49,7427809344.01,n/a,2020,Technology,Computer Software: Prepackaged Software
NPTN,NeoPhotonics Corporation,8.06,404180427.3,n/a,2011,Technology,Semiconductors
NSCO,"Nesco Holdings, Inc.",4.59,225065614.77,n/a,2017,Technology,Diversified Commercial Services
NETE,"Net Element, Inc.",10.24,49614960.64,n/a,n/a,Technology,EDP Services
NTAP,"NetApp, Inc.",53.31,11835091241.28,n/a,1995,Technology,Electronic Components
NTCT,"NetScout Systems, Inc.",23.42,1723150435.24,n/a,1999,Technology,EDP Services
NTWK,NetSol Technologies Inc.,3.25,37831517.75,n/a,n/a,Technology,Computer Software: Prepackaged Software
NEWR,"New Relic, Inc.",59.73,3642067391.49,n/a,2014,Technology,Computer Software: Prepackaged Software
NXGN,"NextGen Healthcare, Inc.",17.74,1183858534.48,n/a,n/a,Technology,EDP Services
NICE,NICE Ltd,243.72,11745053002.08,48190764,n/a,Technology,Computer Software: Prepackaged Software
LASR,"nLIGHT, Inc.",30.02,1181767049.82,n/a,2018,Technology,Semiconductors
NOK,Nokia Corporation,4.03,22636751800,n/a,1994,Technology,Radio And Television Broadcasting And Communications Equipment
NLOK,NortonLifeLock Inc.,18.23,10789782279.33,n/a,n/a,Technology,Computer Software: Prepackaged Software
NUAN,"Nuance Communications, Inc.",43.13,12203796402.01,n/a,n/a,Technology,Computer Software: Prepackaged Software
NTNX,"Nutanix, Inc.",27.39,5644174801.32,n/a,2016,Technology,Computer Software: Prepackaged Software
NVEC,NVE Corporation,51.19,247413146.08,n/a,n/a,Technology,Semiconductors
NVT,nVent Electric plc,23,3912721314,n/a,2018,Technology,Industrial Machinery/Components
NVDA,NVIDIA Corporation,536.06,331821140000,n/a,1999,Technology,Semiconductors
NXPI,NXP Semiconductors N.V.,158.42,44317930681.48,n/a,2010,Technology,Semiconductors
OIIM,O2Micro International Limited,6.35,211921674.2,33373492,n/a,Technology,Semiconductors
OBLG,Oblong Inc.,9.5,60399470.5,n/a,n/a,Technology,"Computer Software: Programming, Data Processing"
OKTA,"Okta, Inc.",245.04,31386757767.12,n/a,2017,Technology,Computer Software: Prepackaged Software
OMCL,"Omnicell, Inc.",104.85,4435907613.3,n/a,2001,Technology,Computer Manufacturing
OMC,Omnicom Group Inc.,63,13543329114,n/a,n/a,Technology,Advertising
ON,ON Semiconductor Corporation,28.75,11822676545,n/a,n/a,Technology,Semiconductors
OSS,"One Stop Systems, Inc.",2.7,44876451.6,n/a,2018,Technology,Computer Manufacturing
OCFT,"OneConnect Financial Technology Co., Ltd.",20.22,7885669661.88,n/a,2019,Technology,"Computer Software: Programming, Data Processing"
OSPN,OneSpan Inc.,19.78,803741093.62,n/a,n/a,Technology,EDP Services
OOMA,"Ooma, Inc.",15.61,349664000,n/a,2015,Technology,EDP Services
OTEX,Open Text Corporation,44.17,12030825746.66,n/a,1996,Technology,EDP Services
OPRA,Opera Limited,8.52,205458351.6,24114830,2018,Technology,Computer Software: Prepackaged Software
ORCL,Oracle Corporation,57.72,173788457726.52,n/a,1986,Technology,Computer Software: Prepackaged Software
OEG,"Orbital Energy Group, Inc.",1.42,43197372.7,n/a,n/a,Technology,Electronic Components
OSIS,"OSI Systems, Inc.",88.1,1578821422.8,n/a,1997,Technology,Semiconductors
PFIN,"P & F Industries, Inc.",4.8801,15377487.906,n/a,n/a,Technology,Industrial Machinery/Components
PD,"PagerDuty, Inc.",34.42,2737438708.56,n/a,2019,Technology,Computer Software: Prepackaged Software
PAGS,PagSeguro Digital Ltd.,47.36,15582215377.92,n/a,2018,Technology,EDP Services
PLTR,Palantir Technologies Inc.,27.11,50910784477.59,n/a,2020,Technology,Computer Software: Prepackaged Software
PANW,"Palo Alto Networks, Inc.",293.92,27984622864,n/a,2012,Technology,Computer peripheral equipment
PCYG,"Park City Group, Inc.",4.69,91265233.22,n/a,n/a,Technology,EDP Services
PSN,Parsons Corporation,32.7,3293776791.3,n/a,2019,Technology,EDP Services
ID,"PARTS iD, Inc.",5.86,0,n/a,2017,Technology,Advertising
PAYC,"Paycom Software, Inc.",417.08,24036754580.28,n/a,2014,Technology,Computer Software: Prepackaged Software
PCTY,Paylocity Holding Corporation,196.6,10664708355.4,n/a,2014,Technology,Computer Software: Prepackaged Software
PCTI,"PCTEL, Inc.",6.29,117747372.17,n/a,1999,Technology,Radio And Television Broadcasting And Communications Equipment
PDFS,"PDF Solutions, Inc.",22.07,808422003.35,n/a,2001,Technology,Computer Software: Prepackaged Software
PEGA,Pegasystems Inc.,130.88,10561714452.48,n/a,1996,Technology,EDP Services
PNR,Pentair plc.,51.82,8620065110.54,n/a,n/a,Technology,Industrial Machinery/Components
PRFT,"Perficient, Inc.",45.53,1502869264.9,n/a,1999,Technology,EDP Services
PERI,Perion Network Ltd,7.59,204669723.72,n/a,n/a,Technology,EDP Services
PRSP,Perspecta Inc.,22.42,3608806109.16,n/a,1998,Technology,EDP Services
PLAB,"Photronics, Inc.",11.59,761041228.31,n/a,1987,Technology,Semiconductors
PHUN,"Phunware, Inc.",0.68,33415567.2,n/a,2016,Technology,EDP Services
PHUNW,"Phunware, Inc.",0.1294,0,n/a,2016,Technology,EDP Services
PING,Ping Identity Holding Corp.,22.49,1824183533.77,n/a,2019,Technology,Computer Software: Prepackaged Software
PT,Pintec Technology Holdings Limited,0.99,29713043.25,30013175,2018,Technology,"Computer Software: Programming, Data Processing"
PINS,"Pinterest, Inc.",70.02,43277290178.22,n/a,2019,Technology,"Computer Software: Programming, Data Processing"
PXLW,"Pixelworks, Inc.",2.98,125267884.94,n/a,2000,Technology,Semiconductors
PLXS,Plexus Corp.,74.71,2153395466.9,n/a,n/a,Technology,Electrical Products
PS,"Pluralsight, Inc.",16.38,2386477957.5,n/a,2018,Technology,"Computer Software: Programming, Data Processing"
POWI,"Power Integrations, Inc.",71.39,4273472863.55,n/a,1997,Technology,Semiconductors
PBTS,"Powerbridge Technologies Co., Ltd.",2.66,24470781.72,n/a,2019,Technology,EDP Services
IPDN,"Professional Diversity Network, Inc.",1.47,18845169.21,n/a,2013,Technology,"Computer Software: Programming, Data Processing"
AAN,"PROG Holdings, Inc.",62.93,0,n/a,2020,Technology,Diversified Commercial Services
PRGS,Progress Software Corporation,40.1,1808577047.2,n/a,1991,Technology,Computer Software: Prepackaged Software
PFPT,"Proofpoint, Inc.",103.49,5972226999.48,n/a,2012,Technology,EDP Services
PTAC,PropTech Acquisition Corporation,10.7,230718750,n/a,2020,Technology,Computer Software: Prepackaged Software
PTACU,PropTech Acquisition Corporation,11.3294,0,n/a,2019,Technology,Computer Software: Prepackaged Software
PTACW,PropTech Acquisition Corporation,1.62,0,n/a,2020,Technology,Computer Software: Prepackaged Software
PRO,"PROS Holdings, Inc.",42.89,1862926506.65,n/a,2007,Technology,EDP Services
PTC,PTC Inc.,107.85,12582079528.8,n/a,n/a,Technology,Computer Software: Prepackaged Software
PSTG,"Pure Storage, Inc. ",18.27,4900260005.55,n/a,2015,Technology,Electronic Components
QTWO,"Q2 Holdings, Inc.",113.37,6108734869.53,n/a,2014,Technology,Computer Software: Prepackaged Software
QADA,QAD Inc.,57.33,1186484710.32,n/a,n/a,Technology,Computer Software: Prepackaged Software
QADB,QAD Inc.,37.67,779607169.68,n/a,n/a,Technology,Computer Software: Prepackaged Software
QRVO,"Qorvo, Inc.",156.68,17869996701.36,n/a,n/a,Technology,Semiconductors
QCOM,QUALCOMM Incorporated,147.17,166449270000,n/a,1991,Technology,Radio And Television Broadcasting And Communications Equipment
QLYS,"Qualys, Inc.",95.01,3706966310.91,n/a,2012,Technology,Computer Software: Prepackaged Software
QMCO,Quantum Corporation,5.73,233441414.76,n/a,n/a,Technology,Electronic Components
QRHC,Quest Resource Holding Corporation,2.03,37313890.81,n/a,n/a,Technology,Diversified Commercial Services
QUIK,QuickLogic Corporation,2.87,31766534.73,n/a,1999,Technology,Semiconductors
QUMU,Qumu Corporation,4.85,66507298.25,n/a,n/a,Technology,Computer Software: Prepackaged Software
QTT,Qutoutiao Inc.,2.8,319243971.2,114015704,2018,Technology,"Computer Software: Programming, Data Processing"
RXT,"Rackspace Technology, Inc.",17.96,3597274403,n/a,2020,Technology,"Computer Software: Programming, Data Processing"
RADA,RADA Electronic Industries Ltd.,7.47,324833435.55,n/a,n/a,Technology,Electronic Components
RDCM,Radcom Ltd.,9.25,128978818,n/a,1997,Technology,Computer peripheral equipment
RMBS,"Rambus, Inc.",15.72,1790862014.4,n/a,1997,Technology,Semiconductors
RPD,"Rapid7, Inc.",74.94,3884810013.72,n/a,2015,Technology,Computer Software: Prepackaged Software
RCMT,"RCM Technologies, Inc.",1.59,18227211.45,n/a,n/a,Technology,Professional Services
RNWK,"RealNetworks, Inc.",1.56,59710344.72,n/a,1997,Technology,EDP Services
RP,"RealPage, Inc.",68.99,7026737606.62,n/a,2010,Technology,Computer Software: Prepackaged Software
RDVT,"Red Violet, Inc.",26.77,325256436.95,n/a,n/a,Technology,Computer Software: Prepackaged Software
SOL,Renesola Ltd.,7.93,409675250.92,n/a,2008,Technology,Semiconductors
RENN,Renren Inc.,5.7,134405099.4,n/a,2011,Technology,EDP Services
RCII,Rent-A-Center Inc.,33.82,1832045160.12,n/a,1995,Technology,Diversified Commercial Services
RESN,Resonant Inc.,2.22,120271090.74,n/a,2014,Technology,Semiconductors
RXN,Rexnord Corporation,37.51,4511697135.99,n/a,2012,Technology,Industrial Machinery/Components
RBBN,Ribbon Communications Inc. ,6.86,997420888.66,n/a,n/a,Technology,EDP Services
RELL,"Richardson Electronics, Ltd.",4.56,60226902.24,n/a,1983,Technology,Electronic Components
RNG,"Ringcentral, Inc.",297.05,26625098564.35,n/a,2013,Technology,EDP Services
RHI,Robert Half International Inc.,64.18,7315238646.3,n/a,n/a,Technology,Professional Services
RBCN,"Rubicon Technology, Inc.",8.81,21336251.82,n/a,2007,Technology,Semiconductors
RMBL,"RumbleOn, Inc.",33.68,75498199.44,n/a,n/a,Technology,EDP Services
SABR,Sabre Corporation,11.25,3569275170,n/a,2014,Technology,"Computer Software: Programming, Data Processing"
SABRP,Sabre Corporation,146.57,0,n/a,n/a,Technology,"Computer Software: Programming, Data Processing"
SFET,Safe-T Group Ltd.,1.07,12931862.71,12085853,2018,Technology,Computer Software: Prepackaged Software
SAIL,"SailPoint Technologies Holdings, Inc.",46.56,4232884091.04,n/a,2017,Technology,Computer Software: Prepackaged Software
CRM,Salesforce.com Inc,245.8,223678000000,n/a,2004,Technology,Computer Software: Prepackaged Software
SANM,Sanmina Corporation,31.815,2070062668.485,n/a,1993,Technology,Electrical Products
SAP,SAP SE,121.16,144622619218.48,n/a,n/a,Technology,Computer Software: Prepackaged Software
SPNS,Sapiens International Corporation N.V.,29.85,1499342067.75,n/a,1992,Technology,Computer Software: Prepackaged Software
SCSC,"ScanSource, Inc.",25.1,636651886.7,n/a,n/a,Technology,Retail: Computer Software & Peripheral Equipment
SAIC,SCIENCE APPLICATIONS INTERNATIONAL CORPORATION,92.54,5382542367.3,n/a,n/a,Technology,EDP Services
SJ,Scienjoy Holding Corporation,9.06,244957956.12,n/a,2019,Technology,EDP Services
SGMS,Scientific Games Corp,37.28,3547929286.56,n/a,n/a,Technology,EDP Services
SCPL,SciPlay Corporation,14.89,340343335.75,n/a,2019,Technology,EDP Services
SEAC,"SeaChange International, Inc.",0.9654,36256627.0818,n/a,1996,Technology,Radio And Television Broadcasting And Communications Equipment
STX,Seagate Technology PLC,58.81,15110185681.31,n/a,2002,Technology,Electronic Components
SCWX,SecureWorks Corp.,11.29,927914453.53,n/a,2016,Technology,Computer Software: Prepackaged Software
LEDS,SemiLEDS Corporation,3.14,12595554.22,n/a,2010,Technology,Semiconductors
SMTC,Semtech Corporation,67.47,4396491542.43,n/a,n/a,Technology,Semiconductors
SQNS,Sequans Communications S.A.,4.71,142770273.6,n/a,2011,Technology,Semiconductors
NOW,"ServiceNow, Inc.",534.55,104290705000,n/a,2012,Technology,Computer Software: Prepackaged Software
SGOC,"SGOCO Group, Ltd",1.28,128766268.16,n/a,2010,Technology,Radio And Television Broadcasting And Communications Equipment
SHSP,"SharpSpring, Inc.",15.52,179976764.32,n/a,n/a,Technology,Computer Software: Prepackaged Software
PIXY,"ShiftPixy, Inc.",2.38,49747107.48,n/a,2017,Technology,Diversified Commercial Services
SHOP,Shopify Inc.,1090.38,132930427277.22,n/a,2015,Technology,Computer Software: Prepackaged Software
SSTI,"ShotSpotter, Inc.",33.17,379523245.54,n/a,2017,Technology,Computer Software: Prepackaged Software
SSTK,"Shutterstock, Inc.",68.76,2490676014.96,n/a,2012,Technology,EDP Services
SWIR,"Sierra Wireless, Inc.",14.6,532253833.2,n/a,n/a,Technology,Radio And Television Broadcasting And Communications Equipment
SIFY,Sify Technologies Limited,1.15,29676595.25,25805735,n/a,Technology,"Computer Software: Programming, Data Processing"
SGMA,"SigmaTron International, Inc.",3.43,14551802.44,n/a,1994,Technology,Electrical Products
SILC,Silicom Ltd,38.88,278992537.92,n/a,n/a,Technology,Computer Communications Equipment
SLAB,"Silicon Laboratories, Inc.",117.21,5137013070.3,n/a,2000,Technology,Semiconductors
SIMO,Silicon Motion Technology Corporation,39.68,1391659023.36,35072052,2005,Technology,Semiconductors
SLP,"Simulations Plus, Inc.",55.97,1115577752.73,n/a,n/a,Technology,EDP Services
SINA,Sina Corporation,43.33,2588262434.24,n/a,n/a,Technology,Computer Software: Prepackaged Software
SITM,SiTime Corporation,86.97,1473285193.38,n/a,2019,Technology,Semiconductors
SWKS,"Skyworks Solutions, Inc.",141.17,23445756412.4,n/a,n/a,Technology,Semiconductors
WORK,"Slack Technologies, Inc.",42.88,24464094933.76,n/a,2019,Technology,Computer Software: Prepackaged Software
SGH,"SMART Global Holdings, Inc.",30.69,749443109.58,n/a,2017,Technology,Semiconductors
SMAR,Smartsheet Inc.,58.03,6998987158.24,n/a,2018,Technology,Computer Software: Prepackaged Software
SMSI,"Smith Micro Software, Inc.",5.38,222168988.38,n/a,1995,Technology,Computer Software: Prepackaged Software
SMTX,SMTC Corporation,4.54,128095192,n/a,2000,Technology,Electrical Products
SNAP,Snap Inc.,44.42,66184940206.48,n/a,2017,Technology,"Computer Software: Programming, Data Processing"
SNOW,Snowflake Inc.,325.84,90158242755.52,n/a,2020,Technology,Computer Software: Prepackaged Software
SCKT,"Socket Mobile, Inc.",2.515,15291564.675,n/a,n/a,Technology,Computer Manufacturing
SOGO,Sogou Inc.,8.82,3418551879.12,n/a,2017,Technology,EDP Services
SOHU,Sohu.com Limited ,18.36,735006577.68,40033038,n/a,Technology,EDP Services
SEDG,"SolarEdge Technologies, Inc.",277.98,14235745527.96,n/a,2015,Technology,Semiconductors
SWI,SolarWinds Corporation,22.88,7185283636.96,n/a,2018,Technology,Computer Software: Prepackaged Software
SMMC,South Mountain Merger Corp.,12.9,403125000,n/a,2019,Technology,EDP Services
SMMCU,South Mountain Merger Corp.,14.15,442187500,n/a,2019,Technology,EDP Services
SMMCW,South Mountain Merger Corp.,2.8,0,n/a,2019,Technology,EDP Services
SY,So-Young International Inc.,12.75,605633593.5,47500674,2019,Technology,EDP Services
ANY,Sphere 3D Corp.,1.71,13452888.06,n/a,n/a,Technology,EDP Services
SPI,"SPI Energy Co., Ltd.",11.19,199198438.11,n/a,n/a,Technology,Semiconductors
SPLK,Splunk Inc.,204.18,32749239569.52,n/a,2012,Technology,Computer Software: Prepackaged Software
SPT,"Sprout Social, Inc",51.38,2719772195.14,n/a,2019,Technology,Computer Software: Prepackaged Software
SPSC,"SPS Commerce, Inc.",103.07,3639281520.38,n/a,2010,Technology,Computer Software: Prepackaged Software
SPXC,SPX Corporation,51.23,2294247178.25,n/a,n/a,Technology,Industrial Machinery/Components
FLOW,"SPX FLOW, Inc.",53.58,2261831692.32,n/a,2015,Technology,Industrial Machinery/Components
SQ,"Square, Inc.",210.96,95129627328,n/a,2015,Technology,Computer Software: Prepackaged Software
SRAX,"SRAX, Inc.",2.83,45355532.7,n/a,n/a,Technology,Advertising
SSNC,"SS&C Technologies Holdings, Inc.",68.89,17633404669.61,n/a,2010,Technology,Computer Software: Prepackaged Software
STAF,"Staffing 360 Solutions, Inc.",1.11,10705242.93,n/a,n/a,Technology,Professional Services
SXI,Standex International Corporation,75.46,934213514.08,n/a,n/a,Technology,Industrial Machinery/Components
SRT,"StarTek, Inc.",7.82,315089344.1,n/a,1997,Technology,Professional Services
STM,STMicroelectronics N.V.,39.65,35811261380.7,n/a,n/a,Technology,Semiconductors
STNE,StoneCo Ltd.,73.22,22565786682.18,n/a,2018,Technology,EDP Services
SSYS,"Stratasys, Ltd.",17.1,942415200,n/a,1994,Technology,Computer peripheral equipment
STRM,"Streamline Health Solutions, Inc.",1.5368,48600954.22,n/a,n/a,Technology,EDP Services
WISA,"Summit Wireless Technologies, Inc.",2.65,20729293.75,n/a,2018,Technology,Semiconductors
SUMO,"Sumo Logic, Inc.",26.2,2585675170.4,n/a,2020,Technology,Computer Software: Prepackaged Software
SPWR,SunPower Corporation,22.16,3770734497.84,n/a,2005,Technology,Semiconductors
SMCI,"Super Micro Computer, Inc.",28.21,1460773830.88,n/a,2020,Technology,Computer Manufacturing
SPCB,"SuperCom, Ltd.",1.21,19705992.24,n/a,n/a,Technology,Semiconductors
SPRT,"support.com, Inc.",1.98,38369336.94,n/a,2000,Technology,EDP Services
SVMK,SVMK Inc.,21.28,3026302939.52,n/a,2018,Technology,"Computer Software: Programming, Data Processing"
SWCH,"Switch, Inc.",15.79,3799443928.12,n/a,2017,Technology,"Computer Software: Programming, Data Processing"
SYKE,"Sykes Enterprises, Incorporated",37.63,1488850178.93,n/a,1996,Technology,EDP Services
SYNC,"Synacor, Inc.",1.46,57880769.98,n/a,2012,Technology,"Computer Software: Programming, Data Processing"
SYNA,Synaptics Incorporated,77.77,2684483680.34,n/a,2002,Technology,Semiconductors
SNCR,"Synchronoss Technologies, Inc.",2.96,130553407.76,n/a,2018,Technology,EDP Services
SNX,Synnex Corporation,160.31,8263056152.54,n/a,2003,Technology,Retail: Computer Software & Peripheral Equipment
SNPS,"Synopsys, Inc.",227.5,34525784247.5,n/a,1992,Technology,Computer Software: Prepackaged Software
TAIT,Taitron Components Incorporated,2.8201,16371659.0747,n/a,1995,Technology,Electronic Components
TSM,Taiwan Semiconductor Manufacturing Company Ltd.,97.02,503153093520,n/a,1997,Technology,Semiconductors
TTWO,"Take-Two Interactive Software, Inc.",180.51,20778600506.73,n/a,1997,Technology,Computer Software: Prepackaged Software
TLND,Talend S.A.,37.53,1189117370.97,31684449,2016,Technology,Computer Software: Prepackaged Software
TAOP,Taoping Inc.,3.01,23042167.05,n/a,n/a,Technology,Computer Software: Prepackaged Software
TEL,TE Connectivity Ltd.,113.97,37694731158.78,n/a,n/a,Technology,Electronic Components
TCCO,Technical Communications Corporation,3.94,7290587.82,n/a,n/a,Technology,Radio And Television Broadcasting And Communications Equipment
TLS,Telos Corporation,20.07,0,n/a,2020,Technology,EDP Services
TENB,"Tenable Holdings, Inc.",36.01,3713184509.71,n/a,2018,Technology,Computer Software: Prepackaged Software
TNC,Tennant Company,67.16,1240659306.08,n/a,n/a,Technology,Industrial Machinery/Components
TDC,Teradata Corporation,21.93,2396949000,n/a,n/a,Technology,Computer Software: Prepackaged Software
TESS,TESSCO Technologies Incorporated,6.38,55892385.56,n/a,1994,Technology,Electronic Components
TXN,Texas Instruments Incorporated,161.25,148018168462.5,n/a,n/a,Technology,Semiconductors
TGH,Textainer Group Holdings Limited,18.42,938460078.54,n/a,2007,Technology,Diversified Commercial Services
DSGX,The Descartes Systems Group Inc.,59.29,5008461562.72,n/a,n/a,Technology,Computer Software: Prepackaged Software
MIDD,The Middleby Corporation,135.99,7562710557.45,n/a,n/a,Technology,Industrial Machinery/Components
PECK,"The Peck Company Holdings, Inc.",6.63,35220018.6,n/a,2016,Technology,Semiconductors
TTD,"The Trade Desk, Inc.",901.07,42318117295.65,n/a,2016,Technology,"Computer Software: Programming, Data Processing"
TSEM,Tower Semiconductor Ltd.,24.46,2623638793.2,n/a,1994,Technology,Semiconductors
TACT,TransAct Technologies Incorporated,8.44,75359789.4,n/a,1996,Technology,Computer peripheral equipment
TRNE,Trine Acquisition Corp.,12.88,483241500,n/a,2019,Technology,Computer peripheral equipment
TRT,Trio-Tech International,4.0162,14902330.991,n/a,n/a,Technology,Industrial Machinery/Components
TRIP,"TripAdvisor, Inc.",26.1,3511114218.9,n/a,n/a,Technology,"Computer Software: Programming, Data Processing"
TRIT,"Triterras, Inc.",11.91,990862799.79,n/a,n/a,Technology,EDP Services
TRITW,"Triterras, Inc.",2.42,0,n/a,n/a,Technology,EDP Services
TRTN,Triton International Limited,45.26,3105158522.76,n/a,2016,Technology,Diversified Commercial Services
TRVG,trivago N.V.,2.19,116635490.85,53258215,2016,Technology,EDP Services
TBI,"TrueBlue, Inc.",19.1,677529868.8,n/a,n/a,Technology,Professional Services
TRUE,"TrueCar, Inc.",4.08,424703985.12,n/a,2014,Technology,"Computer Software: Programming, Data Processing"
TSRI,"TSR, Inc.",7.2499,14224753.2938,n/a,n/a,Technology,EDP Services
TTEC,"TTEC Holdings, Inc.",67.66,3162103496.68,n/a,1996,Technology,Professional Services
TTMI,"TTM Technologies, Inc.",13.06,1394047072.16,n/a,2000,Technology,Electrical Products
TCX,Tucows Inc.,72.5,768954357.5,n/a,n/a,Technology,EDP Services
TUFN,Tufin Software Technologies Ltd.,7.79,278857204.43,n/a,2019,Technology,EDP Services
TWLO,Twilio Inc.,320.09,51368599196.33,n/a,2016,Technology,Computer Software: Prepackaged Software
TWIN,"Twin Disc, Incorporated",6.15,83440740,n/a,n/a,Technology,Industrial Machinery/Components
TWTR,"Twitter, Inc.",46.51,36991709477.41,n/a,2013,Technology,"Computer Software: Programming, Data Processing"
TYL,"Tyler Technologies, Inc.",427.6,17243794412.8,n/a,n/a,Technology,Computer Software: Prepackaged Software
UI,Ubiquiti Inc.,248.11,15578322492.37,n/a,n/a,Technology,Radio And Television Broadcasting And Communications Equipment
UCTT,"Ultra Clean Holdings, Inc.",31.64,1281420000,n/a,2004,Technology,Semiconductors
UIS,Unisys Corporation,14.58,919091882.16,n/a,n/a,Technology,EDP Services
UMC,United Microelectronics Corporation,7.13,17713772000,n/a,n/a,Technology,Semiconductors
URI,"United Rentals, Inc.",226.98,16373572504.38,n/a,1997,Technology,Diversified Commercial Services
U,Unity Software Inc.,151.98,41152690435.74,n/a,2020,Technology,Computer Software: Prepackaged Software
UUU,"Universal Security Instruments, Inc.",3.16,7308722.92,n/a,n/a,Technology,Electronic Components
UPLD,"Upland Software, Inc.",45.75,1347989620.5,n/a,2014,Technology,Computer Software: Prepackaged Software
UPWK,Upwork Inc.,32.72,3994246654.16,n/a,2018,Technology,EDP Services
VRNS,"Varonis Systems, Inc.",120.64,3827533939.84,n/a,2014,Technology,Computer Software: Prepackaged Software
VECO,Veeco Instruments Inc.,16.62,824554215.54,n/a,1994,Technology,Industrial Machinery/Components
VEEV,Veeva Systems Inc.,276.87,41759308690.44,n/a,2013,Technology,Computer Software: Prepackaged Software
VRNT,Verint Systems Inc.,56.96,3725193854.08,n/a,2002,Technology,EDP Services
VRSN,"VeriSign, Inc.",200.72,22904132704.96,n/a,1998,Technology,EDP Services
VRSK,"Verisk Analytics, Inc.",198.31,32243182643.07,n/a,2009,Technology,EDP Services
VERI,"Veritone, Inc.",26.61,737983698.42,n/a,2017,Technology,EDP Services
VERX,"Vertex, Inc.",25.24,3687677655.72,n/a,2020,Technology,Computer Software: Prepackaged Software
VIAO,VIA optronics AG,11.69,264819473.45,n/a,2020,Technology,Semiconductors
VSAT,"ViaSat, Inc.",34,2296118226,n/a,1996,Technology,Radio And Television Broadcasting And Communications Equipment
VIAV,Viavi Solutions Inc.,13.545,3101720208.3,n/a,n/a,Technology,Semiconductors
VRTU,Virtusa Corporation,50.08,1517900210.72,n/a,2007,Technology,EDP Services
VVNT,"Vivint Smart Home, Inc.",22.03,4372296567.36,n/a,2017,Technology,EDP Services
VMW,"Vmware, Inc.",139.89,58826822580,n/a,2007,Technology,Computer Software: Prepackaged Software
VOLT,"Volt Information Sciences, Inc.",2.19,47527550.82,n/a,n/a,Technology,Professional Services
VOXX,VOXX International Corporation,12.87,307823759.1,n/a,n/a,Technology,Electronic Components
VUZI,Vuzix Corporation,4.35,185826192.75,n/a,n/a,Technology,Radio And Television Broadcasting And Communications Equipment
WSTG,"Wayside Technology Group, Inc.",20.89,91126295.33,n/a,n/a,Technology,Retail: Computer Software & Peripheral Equipment
WB,Weibo Corporation,42.25,3151314650.25,74587329,2014,Technology,"Computer Software: Programming, Data Processing"
WBT,"Welbilt, Inc.",9.45,1337325028.2,n/a,2016,Technology,Industrial Machinery/Components
WDC,Western Digital Corporation,44.88,13654517619.6,n/a,n/a,Technology,Electronic Components
WYY,WidePoint Corporation,10.76,91015977.84,n/a,n/a,Technology,EDP Services
WIMI,WiMi Hologram Cloud Inc.,6.07,29859179.8,4919140,2020,Technology,Computer Software: Prepackaged Software
WIT,Wipro Limited,5.15,29321186305.1,n/a,n/a,Technology,EDP Services
WKEY,WISeKey International Holding AG,6.37,2600699.01,408273,n/a,Technology,EDP Services
WIX,Wix.com Ltd.,255.43,14212192122.66,n/a,2013,Technology,"Computer Software: Programming, Data Processing"
WDAY,"Workday, Inc.",224.79,53949600000,n/a,n/a,Technology,EDP Services
WK,Workiva Inc.,74.99,3614238362.29,n/a,2014,Technology,Computer Software: Prepackaged Software
WPP,WPP plc,48.33,11844050799.24,n/a,n/a,Technology,Advertising
XRX,Xerox Holdings Corporation,21.89,4342646161.48,n/a,n/a,Technology,Computer peripheral equipment
XLNX,"Xilinx, Inc.",145.55,35677465909.35,n/a,1990,Technology,Semiconductors
XPER,Xperi Holding Corporation,19.08,2016901580.4,n/a,n/a,Technology,Semiconductors
XNET,Xunlei Limited,2.87,114860944.45,40021235,2014,Technology,Computer Software: Prepackaged Software
YNDX,Yandex N.V.,68.96,24141132003.2,n/a,2011,Technology,"Computer Software: Programming, Data Processing"
YEXT,"Yext, Inc.",19.01,2273812105.68,n/a,2017,Technology,EDP Services
ZBRA,Zebra Technologies Corporation,378.42,20175994358.52,n/a,1991,Technology,Industrial Machinery/Components
ZDGE,"Zedge, Inc.",3.95,49030868.1,n/a,2016,Technology,Computer Software: Prepackaged Software
ZEN,"Zendesk, Inc.",133.5,15576337047,n/a,2014,Technology,EDP Services
ZIXI,Zix Corporation,7.2,410337000,n/a,n/a,Technology,EDP Services
ZM,"Zoom Video Communications, Inc.",478.36,136055619992.8,n/a,2019,Technology,"Computer Software: Programming, Data Processing"
ZI,ZoomInfo Technologies Inc.,51.25,19952189570,n/a,2020,Technology,Computer Software: Prepackaged Software
ZS,"Zscaler, Inc.",155.75,20897250529.75,n/a,2018,Technology,EDP Services
ZUO,"Zuora, Inc.",11.39,1346298000,n/a,2018,Technology,Computer Software: Prepackaged Software
CNET,ZW Data Action Technologies Inc.,1.51,32830308.26,n/a,n/a,Technology,"Computer Software: Programming, Data Processing"
ZNGA,Zynga Inc.,8.25,8901744241.5,n/a,2011,Technology,EDP Services
